Metric,VaR_95,CVaR_95
Parametric,-0.0056780899769587135,-0.007100240001372191
Historical,-0.004798127134661434,-0.008139144945922954
Monte Carlo,-0.005695988576484002,-0.0070274588659691335
