Metric,VaR_95,CVaR_95
Parametric,-0.005305567713822694,-0.006590539361174963
Historical,-0.005061640527411981,-0.008274696636020217
Monte Carlo,-0.005281202668208094,-0.006582832772873957
