Metric,VaR_95,CVaR_95
Parametric,-0.005966919646303971,-0.007356873165207665
Historical,-0.004868434062320848,-0.008423222125954413
Monte Carlo,-0.005916944289054858,-0.007288576829361302
