Metric,VaR_95,CVaR_95
Parametric,-0.005563495037274685,-0.006938812075735567
Historical,-0.004677101494420466,-0.00803333517822269
Monte Carlo,-0.005572703777137197,-0.006954868250649063
