Metric,VaR_95,CVaR_95
Parametric,-0.005501040682916888,-0.0068413888178670825
Historical,-0.004677101494420466,-0.007964761948169884
Monte Carlo,-0.00533805554857155,-0.006629711227213983
