Metric,VaR_95,CVaR_95
Parametric,-0.007773073116740249,-0.009805917891871992
Historical,-0.004701994201601667,-0.008388596586453597
Monte Carlo,-0.00792169790658371,-0.01006992539856586
