Metric,VaR_95,CVaR_95
Parametric,-0.006545327970795232,-0.008127564670101006
Historical,-0.005349239446005516,-0.009510636999157298
Monte Carlo,-0.006469858895694442,-0.008069633943725615
