Metric,VaR_95,CVaR_95
Parametric,-0.004079822942642751,-0.005047930989723294
Historical,-0.004868434062320848,-0.007195035281384273
Monte Carlo,-0.004083660935535254,-0.004985841496053475
