Metric,VaR_95,CVaR_95
Parametric,-0.0020520969009939598,-0.002572567570187541
Historical,-0.001160058545528475,-0.005349239446005516
Monte Carlo,-0.0020918969277776297,-0.002635570409526801
