Metric,VaR_95,CVaR_95
Parametric,-0.00314595595712786,-0.003887632314316034
Historical,-0.0034178497009758058,-0.0050591028491522305
Monte Carlo,-0.00320282831212779,-0.003960601436076744
