Metric,VaR_95,CVaR_95
Parametric,-0.007923461385140232,-0.009885069041469597
Historical,-0.004752772918401149,-0.00881427821275862
Monte Carlo,-0.007920817436553556,-0.009874305107462185
