Metric,VaR_95,CVaR_95
Parametric,-0.0055349899827331316,-0.0068954243748690965
Historical,-0.004677101494420466,-0.00804633114183409
Monte Carlo,-0.005518720566726315,-0.006880080243960406
