Metric,VaR_95,CVaR_95
Parametric,-0.00582654749839178,-0.0071933641349947045
Historical,-0.004798127134661434,-0.00825542047039072
Monte Carlo,-0.005737472054844657,-0.007233375637266031
