Metric,VaR_95,CVaR_95
Parametric,-0.004393851998697216,-0.005447716808485155
Historical,-0.005061640527411981,-0.007305892331790366
Monte Carlo,-0.004342344911053659,-0.005389006253725453
