Metric,VaR_95,CVaR_95
Parametric,-0.005807362245580386,-0.0072597971473393344
Historical,-0.004798127134661434,-0.0082915633087828
Monte Carlo,-0.0059105637243639115,-0.007336053978561229
