Metric,VaR_95,CVaR_95
Parametric,-0.005773756359259958,-0.007200680387102059
Historical,-0.004798127134661434,-0.00825542047039072
Monte Carlo,-0.0057334031260795285,-0.007242357228750471
