Metric,VaR_95,CVaR_95
Parametric,-0.006482405110121747,-0.008088529885359609
Historical,-0.005912725556859844,-0.00891690218138959
Monte Carlo,-0.006431156844304498,-0.007995244024638715
