Metric,VaR_95,CVaR_95
Parametric,-0.0011433684466600846,-0.001462592812818102
Historical,-0.0009555700335516226,-0.0009555700335516226
Monte Carlo,-0.0011513815983900393,-0.0014776687328226395
