Metric,VaR_95,CVaR_95
Parametric,-0.005931424353202419,-0.007369136194487004
Historical,-0.005349239446005516,-0.007969073489056337
Monte Carlo,-0.005773952465685639,-0.007168672108378778
