Metric,VaR_95,CVaR_95
Parametric,-0.0053278280654566815,-0.006603373755582658
Historical,-0.005061640527411981,-0.008274696636020217
Monte Carlo,-0.005288057084420242,-0.0065956945956150426
