Metric,VaR_95,CVaR_95
Parametric,-0.005483556141011192,-0.006824653425514395
Historical,-0.004677101494420466,-0.007964761948169884
Monte Carlo,-0.005469241666588592,-0.006929840360148193
