Metric,VaR_95,CVaR_95
Parametric,-0.002842405938605799,-0.0035311918316500465
Historical,-0.0034178497009758058,-0.004531249142749272
Monte Carlo,-0.0028208205280507576,-0.003501999931359875
