Metric,VaR_95,CVaR_95
Parametric,-0.005479285067116659,-0.006817508891479737
Historical,-0.004677101494420466,-0.00788917119325255
Monte Carlo,-0.005332891676764037,-0.006729231596310742
