Metric,VaR_95,CVaR_95
Parametric,-0.005839918174995074,-0.00726221302845184
Historical,-0.005061640527411981,-0.007814965604170995
Monte Carlo,-0.005770214524667078,-0.00721272558291279
