Metric,VaR_95,CVaR_95
Parametric,-0.0056350662886083015,-0.007033061518956381
Historical,-0.004752772918401149,-0.00799494853474091
Monte Carlo,-0.005725987293879016,-0.007070406810295043
