Metric,VaR_95,CVaR_95
Parametric,-0.007898442818069342,-0.009880654555909568
Historical,-0.0047899502416418605,-0.008926734668548814
Monte Carlo,-0.007891448395394345,-0.009921432347219615
