Metric,VaR_95,CVaR_95
Parametric,-0.004081842138902628,-0.005043887865674042
Historical,-0.004868434062320848,-0.007195035281384273
Monte Carlo,-0.0040299363344556815,-0.004987201409326969
