Metric,VaR_95,CVaR_95
Parametric,-0.0058221716980065615,-0.007232613731585873
Historical,-0.004798127134661434,-0.00825542047039072
Monte Carlo,-0.005793087445009392,-0.0072092385365309045
