Metric,VaR_95,CVaR_95
Parametric,-0.006432881081599519,-0.00802778049582659
Historical,-0.005061640527411981,-0.009291616075307204
Monte Carlo,-0.006326870089937077,-0.008011260157085321
