Metric,VaR_95,CVaR_95
Parametric,-0.006380344218774364,-0.008000555493226723
Historical,-0.005061640527411981,-0.009102017779446876
Monte Carlo,-0.0064001931378900615,-0.008077121623749788
