Metric,VaR_95,CVaR_95
Parametric,-0.006132257178476645,-0.007648835689198565
Historical,-0.005546932642149338,-0.008318195897168883
Monte Carlo,-0.0062232573067342424,-0.007774156688337542
