Metric,VaR_95,CVaR_95
Parametric,-0.0020554863103762226,-0.002561966409257352
Historical,-0.0011092402825533254,-0.005349239446005516
Monte Carlo,-0.002078883325972232,-0.0025758692367267365
