Metric,VaR_95,CVaR_95
Parametric,-0.005525988501489687,-0.006882029400047298
Historical,-0.004677101494420466,-0.00793834587404229
Monte Carlo,-0.005605920440221102,-0.006956348126526744
