Metric,VaR_95,CVaR_95
Parametric,-0.005489101335245435,-0.006895305443873612
Historical,-0.004677101494420466,-0.00804633114183409
Monte Carlo,-0.00554995199996874,-0.006881912577635162
