Metric,VaR_95,CVaR_95
Parametric,-0.005920990942040117,-0.007381332968875342
Historical,-0.005349239446005516,-0.007969073489056337
Monte Carlo,-0.005777926107979206,-0.007257366819888691
