Metric,VaR_95,CVaR_95
Parametric,-0.005742991186960108,-0.007178536571587254
Historical,-0.004798127134661434,-0.00825542047039072
Monte Carlo,-0.005620038702285517,-0.006977520777933134
