Metric,VaR_95,CVaR_95
Parametric,-0.0059016381462248125,-0.007388571062278512
Historical,-0.004930288780657488,-0.00856293945976629
Monte Carlo,-0.006087420457681201,-0.007520198806245229
