Metric,VaR_95,CVaR_95
Parametric,-0.005502995320975067,-0.006826504994769499
Historical,-0.004701994201601667,-0.007966907217439157
Monte Carlo,-0.005551472275916285,-0.0069121624811410015
