Metric,VaR_95,CVaR_95
Parametric,-0.005674628267726034,-0.007048332232727009
Historical,-0.004752772918401149,-0.00799494853474091
Monte Carlo,-0.005691781763400746,-0.00710477625997793
