Metric,VaR_95,CVaR_95
Parametric,-0.003054872128826548,-0.003806016405813265
Historical,-0.0034178497009758058,-0.004272413966005158
Monte Carlo,-0.002973467764505506,-0.0037162936257170674
