Metric,VaR_95,CVaR_95
Parametric,-0.00427861498101228,-0.0053011892388467
Historical,-0.004868434062320848,-0.00718925058504025
Monte Carlo,-0.004237377442084634,-0.005238711159706677
