Metric,VaR_95,CVaR_95
Parametric,-0.0060855467415061905,-0.007581176387990679
Historical,-0.004960482178905101,-0.008713041846468839
Monte Carlo,-0.006139149245234747,-0.007694226535947214
