Metric,VaR_95,CVaR_95
Parametric,-0.006562213709225905,-0.008116757411426262
Historical,-0.005061640527411981,-0.009291616075307204
Monte Carlo,-0.006431004680326227,-0.008081858012639316
