Metric,VaR_95,CVaR_95
Parametric,-0.005464428992387154,-0.006783480145746707
Historical,-0.004553194613747591,-0.00776112270555538
Monte Carlo,-0.005427408582093129,-0.006832172732899779
