Metric,VaR_95,CVaR_95
Parametric,-0.004217595381367906,-0.005202973379055031
Historical,-0.004868434062320848,-0.007214971897819264
Monte Carlo,-0.004339099875260817,-0.005316647900313854
