Metric,VaR_95,CVaR_95
Parametric,-0.007779458505155806,-0.009793033792049252
Historical,-0.004701994201601667,-0.008468990946364885
Monte Carlo,-0.0076505885328585505,-0.00962064114360943
