Metric,VaR_95,CVaR_95
Parametric,-0.005732384366925119,-0.007150224143507448
Historical,-0.004752772918401149,-0.008136203458813848
Monte Carlo,-0.0057226504434439406,-0.007162570559109916
