Metric,VaR_95,CVaR_95
Parametric,-0.005892020013941553,-0.00736363608335721
Historical,-0.005349239446005516,-0.007969073489056337
Monte Carlo,-0.005916418156759497,-0.007425226365166962
