Metric,VaR_95,CVaR_95
Parametric,-0.003211076098504204,-0.003973482074123158
Historical,-0.0034178497009758058,-0.0050591028491522305
Monte Carlo,-0.003159463164214268,-0.00391673774398679
