Metric,VaR_95,CVaR_95
Parametric,-0.0063066293906579715,-0.007846807148762869
Historical,-0.0058685311533672735,-0.008666554129345444
Monte Carlo,-0.006219888647989708,-0.00794535725022762
