Metric,VaR_95,CVaR_95
Parametric,-0.004263022270630962,-0.0052995590940773185
Historical,-0.004868434062320848,-0.00718925058504025
Monte Carlo,-0.00419546613520262,-0.005234812632017099
