Metric,VaR_95,CVaR_95
Parametric,-0.005861007957455739,-0.007267311655544149
Historical,-0.004798127134661434,-0.0082915633087828
Monte Carlo,-0.005812642340417757,-0.007145411137585945
