Metric,VaR_95,CVaR_95
Parametric,-0.006204504513540982,-0.0077062527552403245
Historical,-0.004960482178905101,-0.008713507059064712
Monte Carlo,-0.006277684131865125,-0.007839309702160563
