Metric,VaR_95,CVaR_95
Parametric,-0.007988372496721019,-0.009921441568077555
Historical,-0.0047899502416418605,-0.008926734668548814
Monte Carlo,-0.007931995122002699,-0.00984569522774143
