Metric,VaR_95,CVaR_95
Parametric,-0.0054927203272957335,-0.006855182914960401
Historical,-0.004642333019648448,-0.007847755752386129
Monte Carlo,-0.005491303262934914,-0.0068311336158211585
