Metric,VaR_95,CVaR_95
Parametric,-0.005489454628641608,-0.006852279885922725
Historical,-0.004642333019648448,-0.007918435019608445
Monte Carlo,-0.005436577885621475,-0.006740495026509464
