Metric,VaR_95,CVaR_95
Parametric,-0.005641332841734346,-0.007044138770621096
Historical,-0.004752772918401149,-0.00799494853474091
Monte Carlo,-0.005750922691800957,-0.0072119401979080545
