Metric,VaR_95,CVaR_95
Parametric,-0.005735699358867332,-0.007195131435829945
Historical,-0.005061640527411981,-0.007814965604170995
Monte Carlo,-0.00564843824487002,-0.007070126801126778
