Metric,VaR_95,CVaR_95
Parametric,-0.004260655513182976,-0.00527486594519418
Historical,-0.004960482178905101,-0.007537041857664144
Monte Carlo,-0.004305355022320775,-0.005322114970243286
