Metric,VaR_95,CVaR_95
Parametric,-0.006399755759303056,-0.007971292462636718
Historical,-0.005061640527411981,-0.009102017779446876
Monte Carlo,-0.006360818724781133,-0.007900068190251904
