Metric,VaR_95,CVaR_95
Parametric,-0.005631053589004639,-0.006940248429447066
Historical,-0.004677101494420466,-0.00803333517822269
Monte Carlo,-0.0057346257417786204,-0.00704599304381762
