Metric,VaR_95,CVaR_95
Parametric,-0.006004629249917175,-0.0074755605885330435
Historical,-0.0055035006223876914,-0.008133445013500913
Monte Carlo,-0.0060415856136881,-0.0074539142495484295
