Metric,VaR_95,CVaR_95
Parametric,-0.0055470659825494935,-0.006878946379718815
Historical,-0.004708709531908717,-0.008131911183114227
Monte Carlo,-0.005489930119273007,-0.006805077455633903
