Metric,VaR_95,CVaR_95
Parametric,-0.006128701540208122,-0.007628372607887508
Historical,-0.0055035006223876914,-0.008451321592731738
Monte Carlo,-0.006081984181697378,-0.007562088876515758
