Metric,VaR_95,CVaR_95
Parametric,-0.005470919028867619,-0.006827202198927142
Historical,-0.004553194613747591,-0.007837786575062738
Monte Carlo,-0.005599417102048157,-0.006861305416685898
