Metric,VaR_95,CVaR_95
Parametric,-0.006418010265366742,-0.007957060100005436
Historical,-0.005061640527411981,-0.009050148193678654
Monte Carlo,-0.006364999621399651,-0.008059012249064114
