Metric,VaR_95,CVaR_95
Parametric,-0.005467885606683169,-0.006805811965664517
Historical,-0.004677101494420466,-0.00788917119325255
Monte Carlo,-0.005383493144402775,-0.006840037416762026
