Metric,VaR_95,CVaR_95
Parametric,-0.005872023008412488,-0.00727928899237957
Historical,-0.004798127134661434,-0.0082915633087828
Monte Carlo,-0.005780183688485874,-0.007198879966164725
