Metric,VaR_95,CVaR_95
Parametric,-0.0064174762914646815,-0.008004946215553694
Historical,-0.005061640527411981,-0.009102017779446876
Monte Carlo,-0.006399558971954604,-0.007971163951615666
