Metric,VaR_95,CVaR_95
Parametric,-0.006053540550211073,-0.0075922722961933725
Historical,-0.004960482178905101,-0.008713041846468839
Monte Carlo,-0.006098169103498253,-0.0075453555091674375
