Metric,VaR_95,CVaR_95
Parametric,-0.005989080523478076,-0.007433125228194431
Historical,-0.004930288780657488,-0.00856293945976629
Monte Carlo,-0.005986867050686806,-0.007420326775416308
