Metric,VaR_95,CVaR_95
Parametric,-0.00564633922071146,-0.007005965680609325
Historical,-0.004677101494420466,-0.00803333517822269
Monte Carlo,-0.005619846520569554,-0.006954747232815013
