Metric,VaR_95,CVaR_95
Parametric,-0.0030042322247083118,-0.0037551213222665543
Historical,-0.0030012672401238394,-0.004730852219516945
Monte Carlo,-0.0029423382594344666,-0.0037275637312167297
