Metric,VaR_95,CVaR_95
Parametric,-0.006053866589754516,-0.007547624044237816
Historical,-0.004930288780657488,-0.008557131022391395
Monte Carlo,-0.005949242263597776,-0.007447084543049241
