Metric,VaR_95,CVaR_95
Parametric,-0.007787646723934708,-0.00981438527852712
Historical,-0.004677101494420466,-0.008364279138327262
Monte Carlo,-0.007951227598943511,-0.009819367444433933
