Metric,VaR_95,CVaR_95
Parametric,-0.005845722621522463,-0.007248903906504606
Historical,-0.004868434062320848,-0.008380864411430345
Monte Carlo,-0.005837931775308676,-0.007151870343751509
