Metric,VaR_95,CVaR_95
Parametric,-0.005773257228901528,-0.007172567902926719
Historical,-0.004798127134661434,-0.00825542047039072
Monte Carlo,-0.00571650812123482,-0.007158568737501581
