Metric,VaR_95,CVaR_95
Parametric,-0.005493509639637641,-0.006825494094678116
Historical,-0.004677101494420466,-0.007964761948169884
Monte Carlo,-0.005501843029722291,-0.00684495741645673
