Metric,VaR_95,CVaR_95
Parametric,-0.005725689862361274,-0.007167130328717656
Historical,-0.004798127134661434,-0.00825542047039072
Monte Carlo,-0.005720873740632087,-0.007110627349799401
