Metric,VaR_95,CVaR_95
Parametric,-0.005957695558901656,-0.007414586312260281
Historical,-0.005349239446005516,-0.007969073489056337
Monte Carlo,-0.005916307988925686,-0.007314833344190429
