Metric,VaR_95,CVaR_95
Parametric,-0.006418032785323027,-0.00804713616666084
Historical,-0.005061640527411981,-0.009291616075307204
Monte Carlo,-0.006491800861586234,-0.0080756933701437
