Metric,VaR_95,CVaR_95
Parametric,-0.005457944587924126,-0.00682088632494568
Historical,-0.004642333019648448,-0.007918435019608445
Monte Carlo,-0.005451804760337084,-0.006741125408611029
