Metric,VaR_95,CVaR_95
Parametric,-0.005541562481254382,-0.006894436552114064
Historical,-0.004677101494420466,-0.00793834587404229
Monte Carlo,-0.005483209221466203,-0.006802351869447866
