Metric,VaR_95,CVaR_95
Parametric,-0.005731145129112114,-0.007101597746092626
Historical,-0.004798127134661434,-0.008236953000203402
Monte Carlo,-0.0055604169744063155,-0.0069692913775543175
