Metric,VaR_95,CVaR_95
Parametric,-0.005528661187204243,-0.006870759130608193
Historical,-0.004677101494420466,-0.00804633114183409
Monte Carlo,-0.005605861617432705,-0.007021997098232047
