Metric,VaR_95,CVaR_95
Parametric,-0.007869877176767556,-0.009887025202494012
Historical,-0.0047899502416418605,-0.008926734668548814
Monte Carlo,-0.007928338155844388,-0.009909414303225351
