Metric,VaR_95,CVaR_95
Parametric,-0.003123835765736755,-0.0038971990633010697
Historical,-0.0030012672401238394,-0.004730852219516945
Monte Carlo,-0.003124140747313778,-0.003886732149907893
