Metric,VaR_95,CVaR_95
Parametric,-0.007791043291862855,-0.009778173075010176
Historical,-0.004701994201601667,-0.008388596586453597
Monte Carlo,-0.007951076892788404,-0.00988751186583254
