Metric,VaR_95,CVaR_95
Parametric,-0.005519412070084944,-0.006874199537380296
Historical,-0.004642333019648448,-0.007847755752386129
Monte Carlo,-0.0054111456706228585,-0.006876780518611057
