Metric,VaR_95,CVaR_95
Parametric,-0.005459472636786034,-0.006817906194740651
Historical,-0.004642333019648448,-0.007918435019608445
Monte Carlo,-0.005446333893877308,-0.006892025615896896
