Metric,VaR_95,CVaR_95
Parametric,-0.005479189411119086,-0.006835736505853281
Historical,-0.004642333019648448,-0.007918435019608445
Monte Carlo,-0.005547165331296726,-0.006899555769347493
