Metric,VaR_95,CVaR_95
Parametric,-0.007513543852061081,-0.0094155765761399
Historical,-0.004642333019648448,-0.0077596395385650385
Monte Carlo,-0.007277511897840772,-0.009263238661990258
