Metric,VaR_95,CVaR_95
Parametric,-0.004276314367264207,-0.00529087910458226
Historical,-0.004960482178905101,-0.007467846635807143
Monte Carlo,-0.004262316738965001,-0.005311546827610495
