Metric,VaR_95,CVaR_95
Parametric,-0.003089799823647965,-0.003860585390724214
Historical,-0.0034178497009758058,-0.0050591028491522305
Monte Carlo,-0.003067339116495949,-0.003783181314879917
