Metric,VaR_95,CVaR_95
Parametric,-0.00573291377669338,-0.007121611107271003
Historical,-0.004752772918401149,-0.00821680965072048
Monte Carlo,-0.005713092345165465,-0.007109400457067794
