Metric,VaR_95,CVaR_95
Parametric,-0.005783817738170022,-0.007234194658462906
Historical,-0.004798127134661434,-0.00825542047039072
Monte Carlo,-0.005677145282309785,-0.007144527865181094
