Metric,VaR_95,CVaR_95
Parametric,-0.006428515318421921,-0.007998405018575686
Historical,-0.005061640527411981,-0.009102017779446876
Monte Carlo,-0.006416891705898065,-0.00808837059439793
