Metric,VaR_95,CVaR_95
Parametric,-0.006046774333567978,-0.00748926557607619
Historical,-0.004930288780657488,-0.00856293945976629
Monte Carlo,-0.005946713285365158,-0.007452932293777506
