Metric,VaR_95,CVaR_95
Parametric,-0.005521210685296449,-0.006920250609118144
Historical,-0.004677101494420466,-0.00793834587404229
Monte Carlo,-0.005547943215956651,-0.006926356715018006
