Metric,VaR_95,CVaR_95
Parametric,-0.005480568663151077,-0.006889085601310666
Historical,-0.004677101494420466,-0.00793834587404229
Monte Carlo,-0.005414136199259889,-0.006885756522306743
