Metric,VaR_95,CVaR_95
Parametric,-0.006460572581205587,-0.008039561983793983
Historical,-0.005061640527411981,-0.009291616075307204
Monte Carlo,-0.006431949210448204,-0.008017424988816557
