Metric,VaR_95,CVaR_95
Parametric,-0.004165005252560534,-0.00516686134737682
Historical,-0.004868434062320848,-0.007214971897819264
Monte Carlo,-0.004147157835953201,-0.005109404470441739
