Metric,VaR_95,CVaR_95
Parametric,-0.005993137136023407,-0.007454295881166869
Historical,-0.004930288780657488,-0.00856293945976629
Monte Carlo,-0.005867709040131814,-0.007288128025108623
