Metric,VaR_95,CVaR_95
Parametric,-0.002835208786414124,-0.003512652012525522
Historical,-0.0034178497009758058,-0.004531249142749272
Monte Carlo,-0.0028634430454601597,-0.0035791361124618685
