Metric,VaR_95,CVaR_95
Parametric,-0.005482115258746033,-0.006790263666873923
Historical,-0.004632567561082324,-0.007834432404224856
Monte Carlo,-0.005567128680053536,-0.006972807993306038
