Metric,VaR_95,CVaR_95
Parametric,-0.006355376508280635,-0.007909088590582564
Historical,-0.005061640527411981,-0.009050148193678654
Monte Carlo,-0.006310476240353913,-0.007863913964840404
