Metric,VaR_95,CVaR_95
Parametric,-0.005967994642532138,-0.007451045402427859
Historical,-0.005349239446005516,-0.007969073489056337
Monte Carlo,-0.005956980364084185,-0.00739028948236424
