Metric,VaR_95,CVaR_95
Parametric,-0.005469606756792131,-0.006778343959094385
Historical,-0.004677101494420466,-0.00788917119325255
Monte Carlo,-0.005370373610173754,-0.0066853324455789995
