Metric,VaR_95,CVaR_95
Parametric,-0.005969908544142448,-0.007494371654317674
Historical,-0.0055035006223876914,-0.008133445013500913
Monte Carlo,-0.005949510184649364,-0.007294222966315025
