Metric,VaR_95,CVaR_95
Parametric,-0.006152774932936498,-0.007717121897010711
Historical,-0.005061640527411981,-0.008879500992321654
Monte Carlo,-0.005945161421308509,-0.007485780949187733
