Metric,VaR_95,CVaR_95
Parametric,-0.007929934440076692,-0.009915082057730057
Historical,-0.0047899502416418605,-0.008926734668548814
Monte Carlo,-0.007841396359882891,-0.009886452318091639
