Metric,VaR_95,CVaR_95
Parametric,-0.006454013515122655,-0.008011912538411202
Historical,-0.005061640527411981,-0.009102017779446876
Monte Carlo,-0.0064244572148278835,-0.007953254109309074
