Metric,VaR_95,CVaR_95
Parametric,-0.005410189085531878,-0.006788054968602081
Historical,-0.004701994201601667,-0.00790583438097237
Monte Carlo,-0.005477953435587933,-0.006832859337915775
