Metric,VaR_95,CVaR_95
Parametric,-0.002157568321365506,-0.0026858552893712848
Historical,-0.002400501450494086,-0.005349239446005516
Monte Carlo,-0.002137493836101876,-0.0026655362314060836
