Metric,VaR_95,CVaR_95
Parametric,-0.006240040502254124,-0.007768671476943349
Historical,-0.0055035006223876914,-0.008451321592731738
Monte Carlo,-0.006284679805133717,-0.007758874364188278
