Metric,VaR_95,CVaR_95
Parametric,-0.0028991091776099137,-0.0036206182175099132
Historical,-0.0034178497009758058,-0.004531249142749272
Monte Carlo,-0.002942842170444585,-0.003642463255348089
