Metric,VaR_95,CVaR_95
Parametric,-0.004268645880399846,-0.0052598800354432184
Historical,-0.004960482178905101,-0.007537041857664144
Monte Carlo,-0.004243423955309949,-0.005267399576000924
