Metric,VaR_95,CVaR_95
Parametric,-0.006243588331767376,-0.007828652770967521
Historical,-0.0055035006223876914,-0.008451321592731738
Monte Carlo,-0.006205023743438489,-0.007749360981857114
