Metric,VaR_95,CVaR_95
Parametric,-0.004359386395498172,-0.0053826975167330345
Historical,-0.004960482178905101,-0.007305892331790366
Monte Carlo,-0.004343242125804618,-0.00535906930568391
