Metric,VaR_95,CVaR_95
Parametric,-0.006517402425145912,-0.008103611169415721
Historical,-0.005061640527411981,-0.009342705712039224
Monte Carlo,-0.006627272468858682,-0.00826125616295511
