Metric,VaR_95,CVaR_95
Parametric,-0.005404784429224055,-0.006757370661528959
Historical,-0.004677101494420466,-0.007831326469824214
Monte Carlo,-0.00536833990110485,-0.006686713527392438
