Metric,VaR_95,CVaR_95
Parametric,-0.0032039227074668985,-0.003970462680550286
Historical,-0.0034178497009758058,-0.0050591028491522305
Monte Carlo,-0.003167286898563862,-0.003923296485323511
