Metric,VaR_95,CVaR_95
Parametric,-0.005746467918826807,-0.007127485241879593
Historical,-0.004798127134661434,-0.008236953000203402
Monte Carlo,-0.005620700014964174,-0.007142109908759682
