Metric,VaR_95,CVaR_95
Parametric,-0.005637565649329088,-0.00708208886219123
Historical,-0.004752772918401149,-0.00802777768554757
Monte Carlo,-0.0058028011672274,-0.0071539627411364845
