Metric,VaR_95,CVaR_95
Parametric,-0.006435416376933019,-0.008007084798465545
Historical,-0.005061640527411981,-0.009291616075307204
Monte Carlo,-0.00647962849447398,-0.007975185121945108
