Metric,VaR_95,CVaR_95
Parametric,-0.0012088497423828727,-0.0015261997665656575
Historical,-0.0009555700335516226,-0.0011092402825533254
Monte Carlo,-0.0012208058920975828,-0.00154501154908018
