Metric,VaR_95,CVaR_95
Parametric,-0.005673130666056951,-0.0070956644659444885
Historical,-0.004798127134661434,-0.008236953000203402
Monte Carlo,-0.005747526056205043,-0.007206100186632042
