Metric,VaR_95,CVaR_95
Parametric,-0.005609470702489622,-0.0070127200712461705
Historical,-0.004752772918401149,-0.00799494853474091
Monte Carlo,-0.00557996792690696,-0.007077158959487008
