Metric,VaR_95,CVaR_95
Parametric,-0.005574879353704857,-0.006941739334734571
Historical,-0.004677101494420466,-0.00793834587404229
Monte Carlo,-0.005551203585160489,-0.006886002084870069
