Metric,VaR_95,CVaR_95
Parametric,-0.0011549959134371992,-0.0014985466405524836
Historical,-0.0009555700335516226,-0.0011092402825533254
Monte Carlo,-0.0011816404629809254,-0.0014853294334244546
