Metric,VaR_95,CVaR_95
Parametric,-0.006125137478844651,-0.007658008098952511
Historical,-0.005546932642149338,-0.008318195897168883
Monte Carlo,-0.006236834153810153,-0.0076887093801620374
