Metric,VaR_95,CVaR_95
Parametric,-0.0064334193845228,-0.008011975655687682
Historical,-0.005349239446005516,-0.009299532428575367
Monte Carlo,-0.0063632267728284415,-0.007932820829317316
