Metric,VaR_95,CVaR_95
Parametric,-0.005785697156655857,-0.007241071622740107
Historical,-0.005061640527411981,-0.007814965604170995
Monte Carlo,-0.005862345116790116,-0.007273992358809652
