Metric,VaR_95,CVaR_95
Parametric,-0.005534194912986502,-0.006942254916254011
Historical,-0.004642333019648448,-0.007937442787256912
Monte Carlo,-0.005601333349449775,-0.006975943663758971
