Metric,VaR_95,CVaR_95
Parametric,-0.007869192236937161,-0.009807363675371421
Historical,-0.004708709531908717,-0.008552552755575022
Monte Carlo,-0.007903817530653164,-0.009752625677448931
