Metric,VaR_95,CVaR_95
Parametric,-0.005971737917507805,-0.007424422209604988
Historical,-0.004930288780657488,-0.00856293945976629
Monte Carlo,-0.0059735739103232,-0.007423635781579286
