Metric,VaR_95,CVaR_95
Parametric,-0.005953440884066725,-0.007398571812691588
Historical,-0.004930288780657488,-0.00856293945976629
Monte Carlo,-0.005937872868846553,-0.007362297764441605
