Metric,VaR_95,CVaR_95
Parametric,-0.005930683177210334,-0.007316745152108205
Historical,-0.004868434062320848,-0.008423222125954413
Monte Carlo,-0.005989881325646788,-0.007456859669015071
