Metric,VaR_95,CVaR_95
Parametric,-0.005422452249786954,-0.006756107853262892
Historical,-0.004677101494420466,-0.007831326469824214
Monte Carlo,-0.005325603005420485,-0.00672185021281954
