Metric,VaR_95,CVaR_95
Parametric,-0.006145063733643993,-0.007670322669456192
Historical,-0.004960482178905101,-0.008713507059064712
Monte Carlo,-0.006132088668179421,-0.0077774828591947445
