Metric,VaR_95,CVaR_95
Parametric,-0.005642262468449653,-0.007000716333079968
Historical,-0.004677101494420466,-0.00803333517822269
Monte Carlo,-0.005622759026516243,-0.006951729242855829
