Metric,VaR_95,CVaR_95
Parametric,-0.004122176477060917,-0.005070731721477697
Historical,-0.004868434062320848,-0.007195035281384273
Monte Carlo,-0.004103504887636174,-0.005048121983737538
