Metric,VaR_95,CVaR_95
Parametric,-0.0011428523026434767,-0.0014638137186881563
Historical,-0.0009555700335516226,-0.0011092402825533254
Monte Carlo,-0.0011097714865683861,-0.00143105565841286
