Metric,VaR_95,CVaR_95
Parametric,-0.0030293900973342954,-0.0037824332321950813
Historical,-0.0030012672401238394,-0.004753782526650929
Monte Carlo,-0.0029618607303611103,-0.0036863677260844576
