Metric,VaR_95,CVaR_95
Parametric,-0.005489083708429253,-0.006851394806805957
Historical,-0.004642333019648448,-0.007989291126314626
Monte Carlo,-0.005342258095362709,-0.00669480594202898
