Metric,VaR_95,CVaR_95
Parametric,-0.003368783988012092,-0.0041640077087601885
Historical,-0.0037132588394930277,-0.005507717519038631
Monte Carlo,-0.0034772122803196697,-0.0042420190093047
