Metric,VaR_95,CVaR_95
Parametric,-0.006516560496534985,-0.008127646251290149
Historical,-0.005912725556859844,-0.00891690218138959
Monte Carlo,-0.006566538199811972,-0.008160569015932699
