Metric,VaR_95,CVaR_95
Parametric,-0.004043581168589943,-0.004996245887318149
Historical,-0.004868434062320848,-0.007195035281384273
Monte Carlo,-0.004042648310173882,-0.00497864548065535
