Metric,VaR_95,CVaR_95
Parametric,-0.005660628551643341,-0.007111253638275578
Historical,-0.004752772918401149,-0.00802777768554757
Monte Carlo,-0.005666241303476996,-0.007086938703419463
