Metric,VaR_95,CVaR_95
Parametric,-0.0036094632649598126,-0.004447985465614986
Historical,-0.0037132588394930277,-0.006047243762258577
Monte Carlo,-0.0036345054887530425,-0.004491990298704272
