Metric,VaR_95,CVaR_95
Parametric,-0.006339765114607006,-0.007864370659281692
Historical,-0.0058685311533672735,-0.008666554129345444
Monte Carlo,-0.006261348226312775,-0.007801088552343386
