Metric,VaR_95,CVaR_95
Parametric,-0.005977229860514174,-0.007438708459690501
Historical,-0.004930288780657488,-0.00856293945976629
Monte Carlo,-0.006008902088453799,-0.007519530438066363
