Metric,VaR_95,CVaR_95
Parametric,-0.007838448284094872,-0.009787562907497344
Historical,-0.004701994201601667,-0.008468990946364885
Monte Carlo,-0.007793319602504656,-0.009771791509738574
