Metric,VaR_95,CVaR_95
Parametric,-0.0054503072126000736,-0.006831429887010057
Historical,-0.004553194613747591,-0.00776112270555538
Monte Carlo,-0.00540054606540174,-0.006752466975236866
