Metric,VaR_95,CVaR_95
Parametric,-0.0030295401704136826,-0.0037593256139941376
Historical,-0.0034178497009758058,-0.004272413966005158
Monte Carlo,-0.002978729072529611,-0.0036511634982622364
