Metric,VaR_95,CVaR_95
Parametric,-0.0020873900728543503,-0.0026095886609178672
Historical,-0.0011092402825533254,-0.005349239446005516
Monte Carlo,-0.0020928493687999727,-0.0026002694775969547
