Metric,VaR_95,CVaR_95
Parametric,-0.0062945701275808,-0.00786368510118617
Historical,-0.0058685311533672735,-0.008666554129345444
Monte Carlo,-0.00625031171111576,-0.00788167799909671
