Metric,VaR_95,CVaR_95
Parametric,-0.006046720969017076,-0.00750398784465659
Historical,-0.004960482178905101,-0.008713041846468839
Monte Carlo,-0.0060520943345199725,-0.007647738826876383
