Metric,VaR_95,CVaR_95
Parametric,-0.006295284471112352,-0.007846814886744765
Historical,-0.0058685311533672735,-0.008666554129345444
Monte Carlo,-0.006244809434828134,-0.007807524901426821
