Metric,VaR_95,CVaR_95
Parametric,-0.006293454119964985,-0.007851230559742718
Historical,-0.0058685311533672735,-0.008666554129345444
Monte Carlo,-0.00630122034491249,-0.007820029395394246
