Metric,VaR_95,CVaR_95
Parametric,-0.007851949963215416,-0.00982994974302317
Historical,-0.004701994201601667,-0.008424082486265262
Monte Carlo,-0.007911439018390299,-0.009867893559407339
