Metric,VaR_95,CVaR_95
Parametric,-0.0055386327686346324,-0.006957179946781872
Historical,-0.004677101494420466,-0.00803333517822269
Monte Carlo,-0.005528021962220347,-0.006977328295574993
