Metric,VaR_95,CVaR_95
Parametric,-0.005440792999090248,-0.006789790836296203
Historical,-0.004677101494420466,-0.00788917119325255
Monte Carlo,-0.005460498202767754,-0.0067895485569714285
