Metric,VaR_95,CVaR_95
Parametric,-0.005449861177143894,-0.006796595762901797
Historical,-0.004677101494420466,-0.00788917119325255
Monte Carlo,-0.005455143541406682,-0.0068264531386536135
