Metric,VaR_95,CVaR_95
Parametric,-0.007903597870920931,-0.009887128104638137
Historical,-0.0047899502416418605,-0.008909503921806387
Monte Carlo,-0.008094780510954015,-0.010101660320467784
