Metric,VaR_95,CVaR_95
Parametric,-0.005153724412104982,-0.006415462797774909
Historical,-0.005061640527411981,-0.008274696636020217
Monte Carlo,-0.005245585010300875,-0.006503733209256312
