Metric,VaR_95,CVaR_95
Parametric,-0.006078077267015513,-0.007618189633726353
Historical,-0.0055035006223876914,-0.008451321592731738
Monte Carlo,-0.005895879815902896,-0.007455363682317896
