Metric,VaR_95,CVaR_95
Parametric,-0.0040853256519956214,-0.005014775115915413
Historical,-0.004868434062320848,-0.007195035281384273
Monte Carlo,-0.0040337200573907165,-0.005068757144615211
