Metric,VaR_95,CVaR_95
Parametric,-0.005987189897813817,-0.007370859492203187
Historical,-0.004868434062320848,-0.008423222125954413
Monte Carlo,-0.005975556409872162,-0.007393724408225987
