Metric,VaR_95,CVaR_95
Parametric,-0.005481277745899601,-0.006807387018535761
Historical,-0.004553194613747591,-0.00776112270555538
Monte Carlo,-0.005555699818775934,-0.006940472507719498
