Metric,VaR_95,CVaR_95
Parametric,-0.006018558097623012,-0.007510368902323762
Historical,-0.004960482178905101,-0.008713041846468839
Monte Carlo,-0.006161062759604345,-0.007617422474004841
