Metric,VaR_95,CVaR_95
Parametric,-0.00553603618678304,-0.006831194794688643
Historical,-0.004642333019648448,-0.00792415018466853
Monte Carlo,-0.0054121885657113095,-0.006830777708185268
