Metric,VaR_95,CVaR_95
Parametric,-0.006455655108012675,-0.008045668974316786
Historical,-0.0058685311533672735,-0.008736128330957927
Monte Carlo,-0.006622161436974873,-0.008275074866723117
