Metric,VaR_95,CVaR_95
Parametric,-0.005799204171247414,-0.007235268116957538
Historical,-0.004868434062320848,-0.008380864411430345
Monte Carlo,-0.0058480803189072846,-0.0073795980675315665
