Metric,VaR_95,CVaR_95
Parametric,-0.006155046420751755,-0.007680233168937033
Historical,-0.004960482178905101,-0.008713507059064712
Monte Carlo,-0.006276215977749026,-0.007788028854861008
