Metric,VaR_95,CVaR_95
Parametric,-0.005616968615304434,-0.00701927369700429
Historical,-0.004752772918401149,-0.00799494853474091
Monte Carlo,-0.005691146576477066,-0.0070486721871526655
