Metric,VaR_95,CVaR_95
Parametric,-0.005640346010692499,-0.007042613269239541
Historical,-0.004752772918401149,-0.00813274615579304
Monte Carlo,-0.005704373023343286,-0.007056462482182374
