Metric,VaR_95,CVaR_95
Parametric,-0.004733662512379396,-0.005846245932638594
Historical,-0.004960482178905101,-0.007081467151352527
Monte Carlo,-0.004681743685072931,-0.005889447836865935
