Metric,VaR_95,CVaR_95
Parametric,-0.0041541084652005145,-0.005185283646003746
Historical,-0.004868434062320848,-0.007214971897819264
Monte Carlo,-0.00408718532256625,-0.005129683644773958
