Metric,VaR_95,CVaR_95
Parametric,-0.006179149840417526,-0.007721460038315214
Historical,-0.005061640527411981,-0.008879500992321654
Monte Carlo,-0.006167798829701092,-0.007734474943048065
