Metric,VaR_95,CVaR_95
Parametric,-0.00565573828618921,-0.007037366313052926
Historical,-0.004752772918401149,-0.00799494853474091
Monte Carlo,-0.005547093341442618,-0.006938195912691182
