Metric,VaR_95,CVaR_95
Parametric,-0.005830490039076814,-0.007299413729710082
Historical,-0.005061640527411981,-0.007814965604170995
Monte Carlo,-0.005864115828964162,-0.007403313458627972
