Metric,VaR_95,CVaR_95
Parametric,-0.006085721968118719,-0.007566579509135562
Historical,-0.004930288780657488,-0.008557131022391395
Monte Carlo,-0.006050429658272506,-0.007605101523747698
