Metric,VaR_95,CVaR_95
Parametric,-0.003018249713840233,-0.003758544669928625
Historical,-0.0030012672401238394,-0.004730852219516945
Monte Carlo,-0.002956587297215711,-0.0037185297083762114
