Metric,VaR_95,CVaR_95
Parametric,-0.005855447693868842,-0.007300933410523999
Historical,-0.004868434062320848,-0.008423222125954413
Monte Carlo,-0.005760250317359697,-0.007235645137739729
