Metric,VaR_95,CVaR_95
Parametric,-0.0062278693291478995,-0.0077109988037084454
Historical,-0.0055035006223876914,-0.008451321592731738
Monte Carlo,-0.006153473915661321,-0.007684378514892231
