Metric,VaR_95,CVaR_95
Parametric,-0.005648683812579149,-0.007041871994569696
Historical,-0.004752772918401149,-0.00813274615579304
Monte Carlo,-0.005692877618299529,-0.007042484138425474
