Metric,VaR_95,CVaR_95
Parametric,-0.006358290001742315,-0.007899296049711539
Historical,-0.005061640527411981,-0.009050148193678654
Monte Carlo,-0.006335997756504175,-0.007888183098448246
