Metric,VaR_95,CVaR_95
Parametric,-0.003138479693496312,-0.0039270102239519706
Historical,-0.0034178497009758058,-0.0050591028491522305
Monte Carlo,-0.0031618778572465056,-0.003920133238497313
