Metric,VaR_95,CVaR_95
Parametric,-0.007830043721496436,-0.009794465284634356
Historical,-0.004701994201601667,-0.008388596586453597
Monte Carlo,-0.007748916180861819,-0.009657533147175193
