Metric,VaR_95,CVaR_95
Parametric,-0.005893017187855467,-0.007351857718801314
Historical,-0.004868434062320848,-0.008423222125954413
Monte Carlo,-0.006054207386333126,-0.007533872486018671
