Metric,VaR_95,CVaR_95
Parametric,-0.007897852641055407,-0.009868193127272386
Historical,-0.004798127134661434,-0.008935589107891533
Monte Carlo,-0.00788360718050562,-0.009968055156380782
