Metric,VaR_95,CVaR_95
Parametric,-0.004704189212206529,-0.0058600635552182295
Historical,-0.004960482178905101,-0.007081467151352527
Monte Carlo,-0.004626651313285767,-0.0058474755021637286
