Metric,VaR_95,CVaR_95
Parametric,-0.005749038691250396,-0.007159688578776397
Historical,-0.004752772918401149,-0.008136203458813848
Monte Carlo,-0.005764129665911074,-0.007202013237258838
