Metric,VaR_95,CVaR_95
Parametric,-0.0061649579344378305,-0.007662758574385826
Historical,-0.004960482178905101,-0.008713507059064712
Monte Carlo,-0.006181038789173832,-0.007796332189673727
