Metric,VaR_95,CVaR_95
Parametric,-0.005650566159561627,-0.007068087722933986
Historical,-0.004960482178905101,-0.007662003099906605
Monte Carlo,-0.005646518758590831,-0.007173261056596215
