Metric,VaR_95,CVaR_95
Parametric,-0.005697132964331802,-0.007108057129825802
Historical,-0.004798127134661434,-0.008236953000203402
Monte Carlo,-0.005758330439621228,-0.007133683433750736
