Metric,VaR_95,CVaR_95
Parametric,-0.005671244638421455,-0.007082121964774483
Historical,-0.004798127134661434,-0.008101509248076892
Monte Carlo,-0.005687160251068004,-0.007121804594893941
