Metric,VaR_95,CVaR_95
Parametric,-0.005766595820796867,-0.0071990976170397585
Historical,-0.004798127134661434,-0.00825542047039072
Monte Carlo,-0.005746966564173927,-0.007028582655487977
