Metric,VaR_95,CVaR_95
Parametric,-0.0057725788783753425,-0.0071945399222536855
Historical,-0.005061640527411981,-0.007814965604170995
Monte Carlo,-0.005851289355724384,-0.007281449697542324
