Metric,VaR_95,CVaR_95
Parametric,-0.005520771330479959,-0.006885543247229337
Historical,-0.004677101494420466,-0.00804633114183409
Monte Carlo,-0.005637391039743967,-0.00699478529729668
