Metric,VaR_95,CVaR_95
Parametric,-0.00565701150829714,-0.007072561594122233
Historical,-0.004798127134661434,-0.008101509248076892
Monte Carlo,-0.005677288120573741,-0.006958756576814427
