Metric,VaR_95,CVaR_95
Parametric,-0.005352845083530267,-0.0066922434011807246
Historical,-0.005349239446005516,-0.008343259103660827
Monte Carlo,-0.00539602844627533,-0.006729781551339118
