Metric,VaR_95,CVaR_95
Parametric,-0.005604855977757279,-0.006951570057555522
Historical,-0.004677101494420466,-0.00803333517822269
Monte Carlo,-0.005598212413655819,-0.00697825657655715
