Metric,VaR_95,CVaR_95
Parametric,-0.00568101250952528,-0.0071145705014075905
Historical,-0.004798127134661434,-0.008139144945922954
Monte Carlo,-0.005722640602332555,-0.007260064526313105
