Metric,VaR_95,CVaR_95
Parametric,-0.007891279290098313,-0.00977462869489884
Historical,-0.004701994201601667,-0.008388596586453597
Monte Carlo,-0.007717463445265893,-0.009766878167910699
