Metric,VaR_95,CVaR_95
Parametric,-0.006114105879495246,-0.007573492540712237
Historical,-0.0055035006223876914,-0.008133445013500913
Monte Carlo,-0.006126420936124026,-0.00770288550802383
