Metric,VaR_95,CVaR_95
Parametric,-0.005650587437159678,-0.007071479416502052
Historical,-0.004752772918401149,-0.00813274615579304
Monte Carlo,-0.005711187487097338,-0.0070758315878719155
