Metric,VaR_95,CVaR_95
Parametric,-0.0029953436008727176,-0.0037303428857802827
Historical,-0.0034178497009758058,-0.004272413966005158
Monte Carlo,-0.003036800210022087,-0.0037549667303858857
