Metric,VaR_95,CVaR_95
Parametric,-0.005677438069171114,-0.007120511159355571
Historical,-0.004752772918401149,-0.00821680965072048
Monte Carlo,-0.005769681677793368,-0.007169453458717132
