Metric,VaR_95,CVaR_95
Parametric,-0.004115064528649841,-0.0051054973603614625
Historical,-0.004868434062320848,-0.007195035281384273
Monte Carlo,-0.004143243800942416,-0.005104113011273967
