Metric,VaR_95,CVaR_95
Parametric,-0.005743800908870868,-0.0071122516520167305
Historical,-0.004798127134661434,-0.008101509248076892
Monte Carlo,-0.005669290201212251,-0.0070149768368373755
