Metric,VaR_95,CVaR_95
Parametric,-0.005534047924926921,-0.00688398289936984
Historical,-0.004708709531908717,-0.008131911183114227
Monte Carlo,-0.005458827637120805,-0.0069247250992279935
