Metric,VaR_95,CVaR_95
Parametric,-0.0056749810248406096,-0.0070889880605481195
Historical,-0.004798127134661434,-0.008139144945922954
Monte Carlo,-0.005720437156898446,-0.007043486831370753
