Metric,VaR_95,CVaR_95
Parametric,-0.004254898854803211,-0.005282499378895047
Historical,-0.004868434062320848,-0.00718925058504025
Monte Carlo,-0.004227215239469366,-0.005191786523237648
