Metric,VaR_95,CVaR_95
Parametric,-0.002987305207506017,-0.0037477253620177386
Historical,-0.0030012672401238394,-0.004730852219516945
Monte Carlo,-0.0030069306732971777,-0.0037454293721736038
