Metric,VaR_95,CVaR_95
Parametric,-0.006490318114277127,-0.008095148791330888
Historical,-0.0058685311533672735,-0.008736128330957927
Monte Carlo,-0.006552421325063524,-0.008150442583312033
