Metric,VaR_95,CVaR_95
Parametric,-0.00541882634099409,-0.006716297784713615
Historical,-0.005349239446005516,-0.008343259103660827
Monte Carlo,-0.00544808008162824,-0.006816178066356633
