Metric,VaR_95,CVaR_95
Parametric,-0.005671437567963149,-0.007133449191593058
Historical,-0.004960482178905101,-0.007662003099906605
Monte Carlo,-0.00578044906614081,-0.007181905442321918
