Metric,VaR_95,CVaR_95
Parametric,-0.0040620653958221755,-0.005025022484370602
Historical,-0.004868434062320848,-0.007195035281384273
Monte Carlo,-0.004094353790629218,-0.005081958814556
