Metric,VaR_95,CVaR_95
Parametric,-0.005410521738459857,-0.006706004090010743
Historical,-0.004642333019648448,-0.0077596395385650385
Monte Carlo,-0.005336136987230954,-0.006655798731381525
