Metric,VaR_95,CVaR_95
Parametric,-0.005422282194660364,-0.006809691652332686
Historical,-0.004642333019648448,-0.007918435019608445
Monte Carlo,-0.00538869507053813,-0.006797047224717209
