Metric,VaR_95,CVaR_95
Parametric,-0.0031361633751996972,-0.0039165910141713105
Historical,-0.0030012672401238394,-0.004730852219516945
Monte Carlo,-0.0031417995270717936,-0.0038883576629996693
