Metric,VaR_95,CVaR_95
Parametric,-0.005496199369657948,-0.006821446310425644
Historical,-0.004553194613747591,-0.00776112270555538
Monte Carlo,-0.005474639590439456,-0.006861484149117513
