Metric,VaR_95,CVaR_95
Parametric,-0.005854245277894101,-0.007253862147761895
Historical,-0.004798127134661434,-0.0082915633087828
Monte Carlo,-0.005763238309897524,-0.007196012384760407
