Metric,VaR_95,CVaR_95
Parametric,-0.005441792384088904,-0.00679370634281067
Historical,-0.004677101494420466,-0.00788917119325255
Monte Carlo,-0.005531032755652853,-0.006848435507785884
