Metric,VaR_95,CVaR_95
Parametric,-0.005532622492735692,-0.006885063495622411
Historical,-0.004642333019648448,-0.007847755752386129
Monte Carlo,-0.00556982904064961,-0.006943194964952209
