Metric,VaR_95,CVaR_95
Parametric,-0.0032386130899130193,-0.004011391673439525
Historical,-0.0034178497009758058,-0.0050591028491522305
Monte Carlo,-0.0032709031382193846,-0.0040788673153175255
