Metric,VaR_95,CVaR_95
Parametric,-0.0011984890246304848,-0.0015287472367207142
Historical,-0.0009555700335516226,-0.0011092402825533254
Monte Carlo,-0.001205870944459119,-0.0015403751993058163
