Metric,VaR_95,CVaR_95
Parametric,-0.00551679342455141,-0.006857558065033947
Historical,-0.004642333019648448,-0.007918435019608445
Monte Carlo,-0.00534337070030288,-0.006728922901939457
