Metric,VaR_95,CVaR_95
Parametric,-0.00538421665586545,-0.006774914350154649
Historical,-0.004553194613747591,-0.00776112270555538
Monte Carlo,-0.005355006496951055,-0.006693815398523301
