Metric,VaR_95,CVaR_95
Parametric,-0.006000913934913332,-0.0075163008284265635
Historical,-0.004960482178905101,-0.008713041846468839
Monte Carlo,-0.005939124457944037,-0.00753762494865665
