Metric,VaR_95,CVaR_95
Parametric,-0.006502816219298238,-0.008079776359554845
Historical,-0.005061640527411981,-0.009291616075307204
Monte Carlo,-0.006585873022868684,-0.008261108442845349
