Metric,VaR_95,CVaR_95
Parametric,-0.006241581718073081,-0.007801520887401003
Historical,-0.0055035006223876914,-0.008451321592731738
Monte Carlo,-0.006270674317740945,-0.007717810867646969
