Metric,VaR_95,CVaR_95
Parametric,-0.005447959864325825,-0.0067884482210019805
Historical,-0.004677101494420466,-0.00788917119325255
Monte Carlo,-0.0055064875418512375,-0.006814517594164993
