Metric,VaR_95,CVaR_95
Parametric,-0.007776782864863055,-0.009690758640591672
Historical,-0.004677101494420466,-0.008364279138327262
Monte Carlo,-0.007700877951752149,-0.009644769763753998
