Metric,VaR_95,CVaR_95
Parametric,-0.004304485574712387,-0.005375428577719292
Historical,-0.005061640527411981,-0.007305892331790366
Monte Carlo,-0.0042603782015764435,-0.005303897788626705
