Metric,VaR_95,CVaR_95
Parametric,-0.006093846454416472,-0.007579201271652189
Historical,-0.005349239446005516,-0.008240762951992877
Monte Carlo,-0.0060677287719105456,-0.0076595541389835155
