Metric,VaR_95,CVaR_95
Parametric,-0.005864163164073967,-0.007287835479208938
Historical,-0.004868434062320848,-0.008380864411430345
Monte Carlo,-0.005921431215944766,-0.0072886705686173985
