Metric,VaR_95,CVaR_95
Parametric,-0.002968732131383822,-0.0037097979998181067
Historical,-0.0030012672401238394,-0.004753782526650929
Monte Carlo,-0.002963412812815379,-0.0037262265762850084
