Metric,VaR_95,CVaR_95
Parametric,-0.005830094732153085,-0.007273539720548144
Historical,-0.004868434062320848,-0.008380864411430345
Monte Carlo,-0.005884625880549775,-0.0073343261205208515
