Metric,VaR_95,CVaR_95
Parametric,-0.00784546478407368,-0.009864626961777754
Historical,-0.004798127134661434,-0.008935589107891533
Monte Carlo,-0.00777144875791516,-0.009694689363264328
