Metric,VaR_95,CVaR_95
Parametric,-0.0064671717036938955,-0.008021220609885872
Historical,-0.005349239446005516,-0.009299532428575367
Monte Carlo,-0.006306277002582572,-0.007918691071486062
