Metric,VaR_95,CVaR_95
Parametric,-0.005728828223546123,-0.007134644811917479
Historical,-0.004798127134661434,-0.008139144945922954
Monte Carlo,-0.005805036164767104,-0.007157053309378744
