Metric,VaR_95,CVaR_95
Parametric,-0.00549729689014248,-0.006839657523006639
Historical,-0.004642333019648448,-0.007847755752386129
Monte Carlo,-0.005559537560811725,-0.006894278777172588
