Metric,VaR_95,CVaR_95
Parametric,-0.006326488526680574,-0.007848396731084038
Historical,-0.005061640527411981,-0.009050148193678654
Monte Carlo,-0.006286677464250826,-0.007846086702511464
