Metric,VaR_95,CVaR_95
Parametric,-0.005470505755894767,-0.006804425632102135
Historical,-0.004632567561082324,-0.007834432404224856
Monte Carlo,-0.005496391145185366,-0.006833139021949031
