Metric,VaR_95,CVaR_95
Parametric,-0.007961568188408813,-0.009907890394664642
Historical,-0.0047899502416418605,-0.008926734668548814
Monte Carlo,-0.008126659246215763,-0.010030167301777752
