Metric,VaR_95,CVaR_95
Parametric,-0.006127539789438279,-0.007610263956373898
Historical,-0.0055035006223876914,-0.008133445013500913
Monte Carlo,-0.006004363181529154,-0.007613470893203572
