Metric,VaR_95,CVaR_95
Parametric,-0.0011774337996824824,-0.0014872768106808255
Historical,-0.0009555700335516226,-0.0011092402825533254
Monte Carlo,-0.0011834397875785992,-0.0015186232803428958
