Metric,VaR_95,CVaR_95
Parametric,-0.006240286413813611,-0.0077197474275629355
Historical,-0.005061640527411981,-0.008879500992321654
Monte Carlo,-0.006169872212369261,-0.00777566338378332
