Metric,VaR_95,CVaR_95
Parametric,-0.005729447463551666,-0.007157919520447283
Historical,-0.004752772918401149,-0.008136203458813848
Monte Carlo,-0.005798487337835306,-0.007275631997454615
