Metric,VaR_95,CVaR_95
Parametric,-0.0064954929322247525,-0.008086000990474296
Historical,-0.005912725556859844,-0.00891690218138959
Monte Carlo,-0.006464532499798118,-0.008110484442651313
