Metric,VaR_95,CVaR_95
Parametric,-0.006142277621180354,-0.007700908660845062
Historical,-0.004960482178905101,-0.008713507059064712
Monte Carlo,-0.006122766746346771,-0.0076199490750159405
