Metric,VaR_95,CVaR_95
Parametric,-0.006342790344864292,-0.007921834619323718
Historical,-0.0058685311533672735,-0.008666554129345444
Monte Carlo,-0.0062469425585082745,-0.007687373071978855
