Metric,VaR_95,CVaR_95
Parametric,-0.006308426514448669,-0.0078640406898611
Historical,-0.0058685311533672735,-0.008666554129345444
Monte Carlo,-0.006221065506166054,-0.007724867014356997
