Metric,VaR_95,CVaR_95
Parametric,-0.005735670531291796,-0.007150533511710957
Historical,-0.004752772918401149,-0.008136203458813848
Monte Carlo,-0.005764063699813466,-0.007276127557507858
