Metric,VaR_95,CVaR_95
Parametric,-0.0012759014495272035,-0.0016219310478522533
Historical,-0.0009555700335516226,-0.0009555700335516226
Monte Carlo,-0.0012839824653455684,-0.0016197680088496384
