Metric,VaR_95,CVaR_95
Parametric,-0.00570337157115266,-0.007124220862671717
Historical,-0.004798127134661434,-0.008101509248076892
Monte Carlo,-0.005612502881155105,-0.0070925071750512795
