Metric,VaR_95,CVaR_95
Parametric,-0.005367916747884609,-0.006693128033679106
Historical,-0.004642333019648448,-0.0077596395385650385
Monte Carlo,-0.005252613055266569,-0.006599465061059599
