Metric,VaR_95,CVaR_95
Parametric,-0.005458197618551287,-0.006850016525888023
Historical,-0.004642333019648448,-0.007847755752386129
Monte Carlo,-0.005609121387410156,-0.006931228744529439
