Metric,VaR_95,CVaR_95
Parametric,-0.005619679349298844,-0.007031609844556844
Historical,-0.004752772918401149,-0.00813274615579304
Monte Carlo,-0.005698725190217805,-0.007023000719532475
