Metric,VaR_95,CVaR_95
Parametric,-0.006412615661121157,-0.007964968212584718
Historical,-0.005061640527411981,-0.009102017779446876
Monte Carlo,-0.006390193819436396,-0.00798594590866611
