Metric,VaR_95,CVaR_95
Parametric,-0.005736932152353856,-0.007121960357316108
Historical,-0.004960482178905101,-0.007662003099906605
Monte Carlo,-0.0056672392620480865,-0.007036511484418492
