Metric,VaR_95,CVaR_95
Parametric,-0.005685390433280108,-0.007128922627724479
Historical,-0.004798127134661434,-0.008139144945922954
Monte Carlo,-0.005681738970193583,-0.007056928932189404
