Metric,VaR_95,CVaR_95
Parametric,-0.006086149484622637,-0.007594920569507272
Historical,-0.005349239446005516,-0.008240762951992877
Monte Carlo,-0.006148143946273975,-0.007695620568611489
