Metric,VaR_95,CVaR_95
Parametric,-0.0020783878176962333,-0.002613889097651481
Historical,-0.001160058545528475,-0.005349239446005516
Monte Carlo,-0.0020637570558001608,-0.0025711257295031936
