Metric,VaR_95,CVaR_95
Parametric,-0.006121052529993042,-0.007573481691571418
Historical,-0.004960482178905101,-0.008713041846468839
Monte Carlo,-0.0061642524341253046,-0.007610042354795027
