Metric,VaR_95,CVaR_95
Parametric,-0.00779715633171888,-0.00986818086025365
Historical,-0.0047899502416418605,-0.008926734668548814
Monte Carlo,-0.007795006452829676,-0.009712757122992197
