Metric,VaR_95,CVaR_95
Parametric,-0.0058997720132529866,-0.007349555377025008
Historical,-0.005349239446005516,-0.007969073489056337
Monte Carlo,-0.005930206007119938,-0.007356419753994874
