Metric,VaR_95,CVaR_95
Parametric,-0.00538322046136247,-0.006709256043899663
Historical,-0.004642333019648448,-0.0077596395385650385
Monte Carlo,-0.005238685688421432,-0.0065463653565878705
