Metric,VaR_95,CVaR_95
Parametric,-0.006137829030621687,-0.007618942340475123
Historical,-0.004960482178905101,-0.008713507059064712
Monte Carlo,-0.006159469284571445,-0.007706311061782142
