Metric,VaR_95,CVaR_95
Parametric,-0.0056880955976386545,-0.007116928506432302
Historical,-0.004752772918401149,-0.00802777768554757
Monte Carlo,-0.0057843178000009125,-0.007270256494902782
