Metric,VaR_95,CVaR_95
Parametric,-0.005455005068373014,-0.006831661267307339
Historical,-0.004677101494420466,-0.007964761948169884
Monte Carlo,-0.005544353887210497,-0.006829609364176772
