Metric,VaR_95,CVaR_95
Parametric,-0.0032704496686575897,-0.00405179112962876
Historical,-0.0034178497009758058,-0.0050591028491522305
Monte Carlo,-0.003304331441164619,-0.004109255851059973
