Metric,VaR_95,CVaR_95
Parametric,-0.002999119704384227,-0.0037308999588510023
Historical,-0.0034178497009758058,-0.004272413966005158
Monte Carlo,-0.0030562046964454285,-0.003783004897367278
