Metric,VaR_95,CVaR_95
Parametric,-0.00789867684694332,-0.009921009615485452
Historical,-0.0047899502416418605,-0.008926734668548814
Monte Carlo,-0.007832095461615216,-0.009831468916567864
