Metric,VaR_95,CVaR_95
Parametric,-0.005720918222122378,-0.007136689225350278
Historical,-0.004752772918401149,-0.008136203458813848
Monte Carlo,-0.005729465012901332,-0.007021728766711745
