Metric,VaR_95,CVaR_95
Parametric,-0.007880725998410082,-0.009894557130145696
Historical,-0.0047899502416418605,-0.008926734668548814
Monte Carlo,-0.00793083654756432,-0.009887501897205154
