Metric,VaR_95,CVaR_95
Parametric,-0.002957644367413812,-0.0036576161721127653
Historical,-0.0037132588394930277,-0.004551991529261223
Monte Carlo,-0.0029007949466273155,-0.0036149113550225953
