Metric,VaR_95,CVaR_95
Parametric,-0.0036030623904969995,-0.004465336197106993
Historical,-0.0037132588394930277,-0.006047243762258577
Monte Carlo,-0.0036151866412374445,-0.0044604368984786326
