Metric,VaR_95,CVaR_95
Parametric,-0.005674076933446858,-0.007107333331280483
Historical,-0.004798127134661434,-0.008139144945922954
Monte Carlo,-0.005666041719264883,-0.0071853595202497405
