Metric,VaR_95,CVaR_95
Parametric,-0.005377334408290044,-0.006693041663450217
Historical,-0.004642333019648448,-0.0077596395385650385
Monte Carlo,-0.005409361484496785,-0.006681008666679466
