Metric,VaR_95,CVaR_95
Parametric,-0.005881361509206073,-0.007322332838294035
Historical,-0.005061640527411981,-0.007814965604170995
Monte Carlo,-0.005841409028151983,-0.007292301859508245
