Metric,VaR_95,CVaR_95
Parametric,-0.006014114011368513,-0.007520838950759327
Historical,-0.005349239446005516,-0.008240762951992877
Monte Carlo,-0.006074773691474806,-0.007590505984179501
