Metric,VaR_95,CVaR_95
Parametric,-0.0054241682823101735,-0.006759553104687473
Historical,-0.004677101494420466,-0.007831326469824214
Monte Carlo,-0.00540487642707229,-0.006687055450348123
