Metric,VaR_95,CVaR_95
Parametric,-0.0032311908571450478,-0.00402277167903983
Historical,-0.0034178497009758058,-0.0050591028491522305
Monte Carlo,-0.0032170955424155874,-0.003950136225264621
