Metric,VaR_95,CVaR_95
Parametric,-0.0064091295852387615,-0.008007948266206062
Historical,-0.005061640527411981,-0.009102017779446876
Monte Carlo,-0.0065086235681517364,-0.00800337519489343
