Metric,VaR_95,CVaR_95
Parametric,-0.0029522431584798766,-0.00368617506479097
Historical,-0.0034178497009758058,-0.004531249142749272
Monte Carlo,-0.0028785155666377024,-0.003607642105587014
