Metric,VaR_95,CVaR_95
Parametric,-0.007842201355906747,-0.009860236743968825
Historical,-0.0047899502416418605,-0.008849391983449239
Monte Carlo,-0.007815307747859308,-0.009790516425918787
