Metric,VaR_95,CVaR_95
Parametric,-0.0056885813093986316,-0.007117963684066695
Historical,-0.004798127134661434,-0.008101509248076892
Monte Carlo,-0.0055839244661068125,-0.006989406078454284
