Metric,VaR_95,CVaR_95
Parametric,-0.005999641063062018,-0.00748057037406067
Historical,-0.004930288780657488,-0.00856293945976629
Monte Carlo,-0.006024806942856104,-0.007540883551072972
