Metric,VaR_95,CVaR_95
Parametric,-0.003063929914296078,-0.0038005666828081464
Historical,-0.0030012672401238394,-0.004753782526650929
Monte Carlo,-0.0030349511700727277,-0.0037452750215325858
