Metric,VaR_95,CVaR_95
Parametric,-0.005476379082436925,-0.006880053954767369
Historical,-0.004642333019648448,-0.007847755752386129
Monte Carlo,-0.005592055295712524,-0.006943838274394638
