Metric,VaR_95,CVaR_95
Parametric,-0.007859958628962748,-0.009887011594880174
Historical,-0.004752772918401149,-0.00881427821275862
Monte Carlo,-0.007865578555912885,-0.009796801815150857
