Metric,VaR_95,CVaR_95
Parametric,-0.005574537235382508,-0.006953231794811524
Historical,-0.004677101494420466,-0.00793834587404229
Monte Carlo,-0.005548502244344593,-0.0069908628366642835
