Metric,VaR_95,CVaR_95
Parametric,-0.006426258117734596,-0.00797394520052837
Historical,-0.005061640527411981,-0.009102017779446876
Monte Carlo,-0.006242852416331291,-0.007812322601423985
