Metric,VaR_95,CVaR_95
Parametric,-0.006308028562724529,-0.007847965051084652
Historical,-0.0058685311533672735,-0.008666554129345444
Monte Carlo,-0.006332054142544488,-0.007748080356930299
