Metric,VaR_95,CVaR_95
Parametric,-0.0040796879457512605,-0.005068280397603041
Historical,-0.004868434062320848,-0.007195035281384273
Monte Carlo,-0.004141222853121714,-0.00512100340145042
