Metric,VaR_95,CVaR_95
Parametric,-0.0058175463342327385,-0.007242168416425163
Historical,-0.004868434062320848,-0.008380864411430345
Monte Carlo,-0.0058484097367983105,-0.00742141283193293
