Metric,VaR_95,CVaR_95
Parametric,-0.006506845895190226,-0.008100522342168105
Historical,-0.005912725556859844,-0.00891690218138959
Monte Carlo,-0.006494045131329363,-0.008061195566526553
