Metric,VaR_95,CVaR_95
Parametric,-0.005693963438429836,-0.007037514084312612
Historical,-0.004752772918401149,-0.00813274615579304
Monte Carlo,-0.005676348281347143,-0.00707587762960707
