Metric,VaR_95,CVaR_95
Parametric,-0.0029738314263767097,-0.0037039828964848458
Historical,-0.0030012672401238394,-0.004753782526650929
Monte Carlo,-0.0030333149356347204,-0.003809193082340223
