Metric,VaR_95,CVaR_95
Parametric,-0.0064410005064373214,-0.00801194746000788
Historical,-0.005349239446005516,-0.009235193631062311
Monte Carlo,-0.006648850065726893,-0.008234901051450211
