Metric,VaR_95,CVaR_95
Parametric,-0.007791461594637249,-0.00981203015329356
Historical,-0.004701994201601667,-0.008388596586453597
Monte Carlo,-0.007885613629027965,-0.009967172453831665
