Metric,VaR_95,CVaR_95
Parametric,-0.005485309693882695,-0.00686907192805633
Historical,-0.004642333019648448,-0.007847755752386129
Monte Carlo,-0.0055202491939500406,-0.006910770136402564
