Metric,VaR_95,CVaR_95
Parametric,-0.005526745143644221,-0.006836812747662787
Historical,-0.004642333019648448,-0.007964154808970343
Monte Carlo,-0.00552055532919635,-0.00674442633614518
