Metric,VaR_95,CVaR_95
Parametric,-0.005481723992879256,-0.006830994706205794
Historical,-0.004642333019648448,-0.007847755752386129
Monte Carlo,-0.005369169015411371,-0.006726920426856301
