Metric,VaR_95,CVaR_95
Parametric,-0.005572750091619495,-0.006905844216718994
Historical,-0.004677101494420466,-0.00793834587404229
Monte Carlo,-0.005469159386871444,-0.006876173666969454
