Metric,VaR_95,CVaR_95
Parametric,-0.0031453191102123134,-0.003908279018247161
Historical,-0.0034178497009758058,-0.0050591028491522305
Monte Carlo,-0.00322538149252806,-0.003959168697837591
