Metric,VaR_95,CVaR_95
Parametric,-0.007804248804450963,-0.009804881392072829
Historical,-0.004677101494420466,-0.008364279138327262
Monte Carlo,-0.0077163817619611596,-0.009713383924231647
