Metric,VaR_95,CVaR_95
Parametric,-0.00625438013146601,-0.007817384067879636
Historical,-0.005061640527411981,-0.009050148193678654
Monte Carlo,-0.006257606972894278,-0.0077565299516948105
