Metric,VaR_95,CVaR_95
Parametric,-0.006116395416013921,-0.007633312181018886
Historical,-0.0055035006223876914,-0.008451321592731738
Monte Carlo,-0.006017099844015523,-0.007469101727323773
