Metric,VaR_95,CVaR_95
Parametric,-0.007856097816026203,-0.009807669559472513
Historical,-0.004708709531908717,-0.008552552755575022
Monte Carlo,-0.007857514397631488,-0.00988303448059392
