Metric,VaR_95,CVaR_95
Parametric,-0.007844649021319405,-0.009871117075778582
Historical,-0.004752772918401149,-0.00881427821275862
Monte Carlo,-0.007874664989402884,-0.009942344583592397
