Metric,VaR_95,CVaR_95
Parametric,-0.005449001927135236,-0.00678730725682925
Historical,-0.004701994201601667,-0.00790583438097237
Monte Carlo,-0.0054349229995496505,-0.006851612275029574
