Metric,VaR_95,CVaR_95
Parametric,-0.006052866190601145,-0.007530984667992216
Historical,-0.004960482178905101,-0.008713041846468839
Monte Carlo,-0.005979817742091513,-0.0075199609605163
