Metric,VaR_95,CVaR_95
Parametric,-0.004397288997084552,-0.005417927265447874
Historical,-0.005061640527411981,-0.007305892331790366
Monte Carlo,-0.004342690252401821,-0.005389446437399498
