Metric,VaR_95,CVaR_95
Parametric,-0.005493643471626784,-0.00677511064650948
Historical,-0.004677101494420466,-0.007831326469824214
Monte Carlo,-0.005466256169691042,-0.006929166607619911
