Metric,VaR_95,CVaR_95
Parametric,-0.005473832168932383,-0.006748824353207495
Historical,-0.004677101494420466,-0.007831326469824214
Monte Carlo,-0.005433052800896982,-0.006671043675845979
