Metric,VaR_95,CVaR_95
Parametric,-0.006427694049909308,-0.008063097787605656
Historical,-0.0058685311533672735,-0.008736128330957927
Monte Carlo,-0.006385506011752274,-0.008038409955153723
