Metric,VaR_95,CVaR_95
Parametric,-0.005494774803459071,-0.0068217360397521696
Historical,-0.004701994201601667,-0.007966907217439157
Monte Carlo,-0.005479980596893892,-0.0068365838650986215
