Metric,VaR_95,CVaR_95
Parametric,-0.001179058932013524,-0.0014855225596834005
Historical,-0.0009555700335516226,-0.0011092402825533254
Monte Carlo,-0.0011941632427002395,-0.0014820338130549294
