Metric,VaR_95,CVaR_95
Parametric,-0.0054927506653350685,-0.00690002796533565
Historical,-0.004677101494420466,-0.00793834587404229
Monte Carlo,-0.005478060532964312,-0.0068353967585653395
