Metric,VaR_95,CVaR_95
Parametric,-0.005685523513604296,-0.007053870367806876
Historical,-0.004752772918401149,-0.00799494853474091
Monte Carlo,-0.0057824274055895165,-0.007145597649111908
