Metric,VaR_95,CVaR_95
Parametric,-0.0056732529315933625,-0.007068949408586078
Historical,-0.004798127134661434,-0.008101509248076892
Monte Carlo,-0.005654646705955474,-0.007032786577693273
