Metric,VaR_95,CVaR_95
Parametric,-0.0033672214929617193,-0.0041908942362489645
Historical,-0.0034178497009758058,-0.005785304336708301
Monte Carlo,-0.003427636687123696,-0.004265390242218642
