Metric,VaR_95,CVaR_95
Parametric,-0.006143657931535989,-0.007645238540145609
Historical,-0.0055035006223876914,-0.008451321592731738
Monte Carlo,-0.006065316195522383,-0.007520813020463456
