Metric,VaR_95,CVaR_95
Parametric,-0.0030226658595316567,-0.0037722564658326445
Historical,-0.003052908417473521,-0.004753782526650929
Monte Carlo,-0.003013190998163577,-0.0037319157535196834
