Metric,VaR_95,CVaR_95
Parametric,-0.0078557538516763,-0.009864424811320452
Historical,-0.004798127134661434,-0.008935589107891533
Monte Carlo,-0.007841192533888883,-0.009890736803159616
