Metric,VaR_95,CVaR_95
Parametric,-0.005873680867179813,-0.007329127934126381
Historical,-0.005061640527411981,-0.007814965604170995
Monte Carlo,-0.005836974865631587,-0.007346981376859379
