Metric,VaR_95,CVaR_95
Parametric,-0.0030336278291036496,-0.0037650411534951088
Historical,-0.0030012672401238394,-0.004753782526650929
Monte Carlo,-0.003017239461081684,-0.003810297049682299
