Metric,VaR_95,CVaR_95
Parametric,-0.006333415866402901,-0.007888398497152787
Historical,-0.005061640527411981,-0.009050148193678654
Monte Carlo,-0.006279306844100772,-0.007873883260583825
