Metric,VaR_95,CVaR_95
Parametric,-0.005360977087652572,-0.006720440593087111
Historical,-0.004642333019648448,-0.0077596395385650385
Monte Carlo,-0.005425781560349494,-0.00674735851810373
