Metric,VaR_95,CVaR_95
Parametric,-0.005468705725527634,-0.006822541076737836
Historical,-0.004677101494420466,-0.007964761948169884
Monte Carlo,-0.005481754820665871,-0.006911427499568401
