Metric,VaR_95,CVaR_95
Parametric,-0.007866434762650467,-0.009810169291357178
Historical,-0.004677101494420466,-0.008341369413272738
Monte Carlo,-0.007873003109820085,-0.009800932518159047
