Metric,VaR_95,CVaR_95
Parametric,-0.005592157303125826,-0.007025325418639059
Historical,-0.004752772918401149,-0.00813274615579304
Monte Carlo,-0.00554055634355863,-0.006896051996853396
