Metric,VaR_95,CVaR_95
Parametric,-0.005455116159202324,-0.006785193612094056
Historical,-0.004677101494420466,-0.00788917119325255
Monte Carlo,-0.005262934419841777,-0.0065650895488600335
