Metric,VaR_95,CVaR_95
Parametric,-0.005944923107534249,-0.007417494007600052
Historical,-0.004930288780657488,-0.00856293945976629
Monte Carlo,-0.005964898329505493,-0.007378070748576634
