Metric,VaR_95,CVaR_95
Parametric,-0.00634472069055506,-0.00787796654194352
Historical,-0.005061640527411981,-0.009050148193678654
Monte Carlo,-0.0062855082550494585,-0.007880679733584006
