Metric,VaR_95,CVaR_95
Parametric,-0.0063592551517269915,-0.007914373282354746
Historical,-0.005061640527411981,-0.009050148193678654
Monte Carlo,-0.006339156963803848,-0.008017390254683029
