Metric,VaR_95,CVaR_95
Parametric,-0.005589179111173494,-0.006945680172217388
Historical,-0.004677101494420466,-0.00803333517822269
Monte Carlo,-0.0054952660618054665,-0.006831173923229072
