Metric,VaR_95,CVaR_95
Parametric,-0.006471822934638159,-0.008076676390333286
Historical,-0.005061640527411981,-0.009291616075307204
Monte Carlo,-0.0064865037917486955,-0.008035377748071986
