Metric,VaR_95,CVaR_95
Parametric,-0.006062736596697261,-0.007596777864613757
Historical,-0.0055035006223876914,-0.008133445013500913
Monte Carlo,-0.006215087590295436,-0.0077785123375414544
