Metric,VaR_95,CVaR_95
Parametric,-0.005695379344593598,-0.00711411112206409
Historical,-0.004752772918401149,-0.00821680965072048
Monte Carlo,-0.0057496453319157,-0.0072081796641122915
