Metric,VaR_95,CVaR_95
Parametric,-0.005758368218616668,-0.0071483978349458485
Historical,-0.004798127134661434,-0.008139144945922954
Monte Carlo,-0.005768063901743028,-0.007189837117247173
