Metric,VaR_95,CVaR_95
Parametric,-0.006093491511404761,-0.007654217611360584
Historical,-0.0055035006223876914,-0.008451321592731738
Monte Carlo,-0.006002596972823221,-0.0074655183589301625
