Metric,VaR_95,CVaR_95
Parametric,-0.004071254744876723,-0.005009804709825271
Historical,-0.004868434062320848,-0.007195035281384273
Monte Carlo,-0.004028992438488681,-0.005019960579911619
