Metric,VaR_95,CVaR_95
Parametric,-0.005652716163831155,-0.007089354834542344
Historical,-0.004960482178905101,-0.007662003099906605
Monte Carlo,-0.00559143589562483,-0.007014633249687355
