Metric,VaR_95,CVaR_95
Parametric,-0.006015763348669055,-0.007487785916603683
Historical,-0.004930288780657488,-0.00856293945976629
Monte Carlo,-0.005950687813205625,-0.007542140140613972
