Metric,VaR_95,CVaR_95
Parametric,-0.007837954745643543,-0.009811042218265193
Historical,-0.004701994201601667,-0.008388596586453597
Monte Carlo,-0.007924242159085127,-0.009867295852122709
