Metric,VaR_95,CVaR_95
Parametric,-0.0078714915775264,-0.009888972210835227
Historical,-0.0047899502416418605,-0.008926734668548814
Monte Carlo,-0.007957040026160904,-0.009953646746877383
