Metric,VaR_95,CVaR_95
Parametric,-0.005956580778125759,-0.007438537595476552
Historical,-0.005349239446005516,-0.007969073489056337
Monte Carlo,-0.00596673982460938,-0.007481340738893093
