Metric,VaR_95,CVaR_95
Parametric,-0.005870052058573419,-0.007327105110288257
Historical,-0.005349239446005516,-0.007969073489056337
Monte Carlo,-0.00578666521946048,-0.00728794722153208
