Metric,VaR_95,CVaR_95
Parametric,-0.0060765574554803945,-0.007585765664285459
Historical,-0.004960482178905101,-0.008713507059064712
Monte Carlo,-0.006066307851925205,-0.0075435636162050086
