Metric,VaR_95,CVaR_95
Parametric,-0.004304005924313787,-0.005381240841183144
Historical,-0.004960482178905101,-0.007305892331790366
Monte Carlo,-0.004285698731985178,-0.0052798370820164794
