Metric,VaR_95,CVaR_95
Parametric,-0.007784083889774536,-0.009787896249423335
Historical,-0.004701994201601667,-0.008388596586453597
Monte Carlo,-0.007900156283467932,-0.009818038463957688
