Metric,VaR_95,CVaR_95
Parametric,-0.0054826127217668975,-0.006830174013202359
Historical,-0.004701994201601667,-0.007966907217439157
Monte Carlo,-0.00554000158072272,-0.0068984662897936515
