Metric,VaR_95,CVaR_95
Parametric,-0.005502719932405775,-0.0068364246413754794
Historical,-0.004677101494420466,-0.007964761948169884
Monte Carlo,-0.005319423679630536,-0.006731355982276919
