Metric,VaR_95,CVaR_95
Parametric,-0.005499245941675891,-0.006853981789868519
Historical,-0.004642333019648448,-0.007847755752386129
Monte Carlo,-0.005418357549930936,-0.0068347803180859755
