Metric,VaR_95,CVaR_95
Parametric,-0.005672436344580494,-0.007039573196658645
Historical,-0.004752772918401149,-0.00799494853474091
Monte Carlo,-0.00569371934242055,-0.006998131164809628
