Metric,VaR_95,CVaR_95
Parametric,-0.005923552036984863,-0.007406981626920243
Historical,-0.004930288780657488,-0.00856293945976629
Monte Carlo,-0.0059992322267560655,-0.0074464954115119695
