Metric,VaR_95,CVaR_95
Parametric,-0.005846044053545608,-0.007308562865163147
Historical,-0.004868434062320848,-0.008423222125954413
Monte Carlo,-0.005811431669941933,-0.007295602796489553
