Metric,VaR_95,CVaR_95
Parametric,-0.006301836170391845,-0.007866558388968131
Historical,-0.0058685311533672735,-0.008666554129345444
Monte Carlo,-0.006280063837460493,-0.007772842482399374
