Metric,VaR_95,CVaR_95
Parametric,-0.006110983129938252,-0.007627466602731875
Historical,-0.0055035006223876914,-0.008318195897168883
Monte Carlo,-0.006120879576966319,-0.0076348488986373265
