Metric,VaR_95,CVaR_95
Parametric,-0.00560584442461822,-0.007004339678251257
Historical,-0.004752772918401149,-0.00799494853474091
Monte Carlo,-0.005710433322304722,-0.007074858863908389
