Metric,VaR_95,CVaR_95
Parametric,-0.0054322980804842715,-0.0067827188389592685
Historical,-0.004677101494420466,-0.00788917119325255
Monte Carlo,-0.005634035568756266,-0.006917748004482443
