Metric,VaR_95,CVaR_95
Parametric,-0.005431688117131318,-0.0067636933411897434
Historical,-0.004677101494420466,-0.007831326469824214
Monte Carlo,-0.00538651687297434,-0.00673394582778023
