Metric,VaR_95,CVaR_95
Parametric,-0.006390064435089669,-0.007963123278647583
Historical,-0.005061640527411981,-0.009050148193678654
Monte Carlo,-0.006413737216735048,-0.008124000084962748
