Metric,VaR_95,CVaR_95
Parametric,-0.006208203269702781,-0.0076965066610389715
Historical,-0.004960482178905101,-0.008713507059064712
Monte Carlo,-0.006242674329305257,-0.0077764949101413565
