Metric,VaR_95,CVaR_95
Parametric,-0.00551419879166647,-0.006883652058889576
Historical,-0.004677101494420466,-0.008070929875476907
Monte Carlo,-0.005593787733699926,-0.006980805817473738
