Metric,VaR_95,CVaR_95
Parametric,-0.006044241155836908,-0.007545987712091304
Historical,-0.005349239446005516,-0.008240762951992877
Monte Carlo,-0.006013838072282912,-0.0074861176700290665
