Metric,VaR_95,CVaR_95
Parametric,-0.006182171364108949,-0.007707022782107167
Historical,-0.004960482178905101,-0.008868852390666532
Monte Carlo,-0.006237400222143947,-0.007781635979172584
