Metric,VaR_95,CVaR_95
Parametric,-0.0060445939265513894,-0.007498240903324443
Historical,-0.004930288780657488,-0.00856293945976629
Monte Carlo,-0.006058013974151311,-0.0075202711724910035
