Metric,VaR_95,CVaR_95
Parametric,-0.007797476978809707,-0.009781868415108252
Historical,-0.004701994201601667,-0.008388596586453597
Monte Carlo,-0.007761862931136613,-0.009691903933146572
