Metric,VaR_95,CVaR_95
Parametric,-0.005563440659985729,-0.006889392275984709
Historical,-0.004642333019648448,-0.007847755752386129
Monte Carlo,-0.005444614260324797,-0.006872453138307064
