Metric,VaR_95,CVaR_95
Parametric,-0.0029940282794676558,-0.003719760052401713
Historical,-0.0034178497009758058,-0.004272413966005158
Monte Carlo,-0.0029934720812188147,-0.0037311527602751455
