Metric,VaR_95,CVaR_95
Parametric,-0.00545399086537524,-0.006844373019788256
Historical,-0.004642333019648448,-0.007847755752386129
Monte Carlo,-0.005429084127384014,-0.006809437596890256
