Metric,VaR_95,CVaR_95
Parametric,-0.005436898738539558,-0.006793225599410884
Historical,-0.004553194613747591,-0.00776112270555538
Monte Carlo,-0.005397583300945038,-0.006814157122507045
