Metric,VaR_95,CVaR_95
Parametric,-0.004299606051971108,-0.005307408852114553
Historical,-0.004960482178905101,-0.007467846635807143
Monte Carlo,-0.004186258005625788,-0.005225623610892116
