Metric,VaR_95,CVaR_95
Parametric,-0.004205101112933581,-0.005230649275254866
Historical,-0.004868434062320848,-0.007214971897819264
Monte Carlo,-0.004164942595414222,-0.005139413161917078
