Metric,VaR_95,CVaR_95
Parametric,-0.005677870635911375,-0.007101885864326272
Historical,-0.004752772918401149,-0.00821680965072048
Monte Carlo,-0.005713011105810881,-0.0071142413677840076
