Metric,VaR_95,CVaR_95
Parametric,-0.005519178027019325,-0.006890687500696575
Historical,-0.004677101494420466,-0.00804633114183409
Monte Carlo,-0.005498526787595984,-0.006863743205140644
