Metric,VaR_95,CVaR_95
Parametric,-0.00554751324566798,-0.00688017304420116
Historical,-0.004677101494420466,-0.008070929875476907
Monte Carlo,-0.005597626003179432,-0.006928853434012285
