Metric,VaR_95,CVaR_95
Parametric,-0.0030678716571423533,-0.003819568288423689
Historical,-0.0034178497009758058,-0.005020969091785954
Monte Carlo,-0.0030666571436841904,-0.0037974394423964416
