Metric,VaR_95,CVaR_95
Parametric,-0.005837579598279587,-0.0072225894769847865
Historical,-0.004798127134661434,-0.00825542047039072
Monte Carlo,-0.0057546517612137305,-0.007184644817164745
