Metric,VaR_95,CVaR_95
Parametric,-0.005458344853322209,-0.006775522057745767
Historical,-0.004677101494420466,-0.00788917119325255
Monte Carlo,-0.005374474334246921,-0.006663229143700123
