Metric,VaR_95,CVaR_95
Parametric,-0.004284195814957069,-0.005304138273006704
Historical,-0.004960482178905101,-0.007467846635807143
Monte Carlo,-0.004191058948940881,-0.005207191874886135
