Metric,VaR_95,CVaR_95
Parametric,-0.00594180637296261,-0.0073672026371886115
Historical,-0.004868434062320848,-0.008423222125954413
Monte Carlo,-0.00585089583187832,-0.007323300586877677
