Metric,VaR_95,CVaR_95
Parametric,-0.005924247595899362,-0.007360160751908349
Historical,-0.004868434062320848,-0.008423222125954413
Monte Carlo,-0.005896598297019621,-0.007387919965723272
