Metric,VaR_95,CVaR_95
Parametric,-0.005408550226528417,-0.006767307144860662
Historical,-0.004677101494420466,-0.007831326469824214
Monte Carlo,-0.005352339434662808,-0.006752971172197901
