Metric,VaR_95,CVaR_95
Parametric,-0.00630442912598983,-0.007838875007317331
Historical,-0.005061640527411981,-0.009050148193678654
Monte Carlo,-0.006207351105269079,-0.007843601348879283
