Metric,VaR_95,CVaR_95
Parametric,-0.0054854065168995466,-0.006831213694384535
Historical,-0.004642333019648448,-0.007918435019608445
Monte Carlo,-0.005594653597657009,-0.00687145313625223
