Metric,VaR_95,CVaR_95
Parametric,-0.006065037799434469,-0.007575283706869386
Historical,-0.005349239446005516,-0.008240762951992877
Monte Carlo,-0.006074061072491654,-0.007719077981974604
