Metric,VaR_95,CVaR_95
Parametric,-0.0059996942834284065,-0.007465066586032806
Historical,-0.005349239446005516,-0.007969073489056337
Monte Carlo,-0.0058705883311889395,-0.0073286627156514085
