Metric,VaR_95,CVaR_95
Parametric,-0.007738410975730164,-0.009798853124320684
Historical,-0.004677101494420466,-0.008341369413272738
Monte Carlo,-0.0077638576836039875,-0.009645511654929596
