Metric,VaR_95,CVaR_95
Parametric,-0.004363631554806121,-0.005400916348360918
Historical,-0.004960482178905101,-0.007305892331790366
Monte Carlo,-0.004461021614320374,-0.005498749890675372
