Metric,VaR_95,CVaR_95
Parametric,-0.005464404420028365,-0.006868783357407932
Historical,-0.004677101494420466,-0.00804633114183409
Monte Carlo,-0.005592898698119556,-0.006937992086518365
