Metric,VaR_95,CVaR_95
Parametric,-0.005978571172742674,-0.0074627446280141774
Historical,-0.004930288780657488,-0.00856293945976629
Monte Carlo,-0.006012277741920568,-0.007398516701661954
