Metric,VaR_95,CVaR_95
Parametric,-0.005576357431307983,-0.0069025898135600516
Historical,-0.004708709531908717,-0.008131911183114227
Monte Carlo,-0.005563347380398738,-0.006837012846187168
