Metric,VaR_95,CVaR_95
Parametric,-0.005867948162668421,-0.007293801629346007
Historical,-0.004868434062320848,-0.008423222125954413
Monte Carlo,-0.006054205290257942,-0.007489480135196194
