Metric,VaR_95,CVaR_95
Parametric,-0.0031432809185305854,-0.00390518090607501
Historical,-0.0034178497009758058,-0.0050591028491522305
Monte Carlo,-0.003122500411449488,-0.003877109663393358
