Metric,VaR_95,CVaR_95
Parametric,-0.005886958752532437,-0.007357007657480914
Historical,-0.004868434062320848,-0.008423222125954413
Monte Carlo,-0.005803171886312588,-0.007290523548719839
