Metric,VaR_95,CVaR_95
Parametric,-0.00562013857509476,-0.007019209133847877
Historical,-0.004752772918401149,-0.00799494853474091
Monte Carlo,-0.005675071475080941,-0.00705094576147955
