Metric,VaR_95,CVaR_95
Parametric,-0.005536212525957357,-0.006875491191871185
Historical,-0.004708709531908717,-0.008131911183114227
Monte Carlo,-0.005534303497445252,-0.006962505012576843
