Metric,VaR_95,CVaR_95
Parametric,-0.00576861197408062,-0.00722440905005738
Historical,-0.004798127134661434,-0.00825542047039072
Monte Carlo,-0.005855563392438649,-0.007372052281576783
