Metric,VaR_95,CVaR_95
Parametric,-0.005704083818385035,-0.0071152195225242364
Historical,-0.004752772918401149,-0.00821680965072048
Monte Carlo,-0.005679224931301461,-0.007113859100602277
