Metric,VaR_95,CVaR_95
Parametric,-0.003349464725888225,-0.004137615359547467
Historical,-0.0037132588394930277,-0.005507717519038631
Monte Carlo,-0.0033153145629908234,-0.004122679608781571
