Metric,VaR_95,CVaR_95
Parametric,-0.005495771596147253,-0.006846913194095378
Historical,-0.004642333019648448,-0.007918435019608445
Monte Carlo,-0.0054032881607931115,-0.0066242714205622475
