Metric,VaR_95,CVaR_95
Parametric,-0.004249294072109823,-0.005278271641526632
Historical,-0.004868434062320848,-0.00718925058504025
Monte Carlo,-0.004261538110134644,-0.005271659126206347
