Metric,VaR_95,CVaR_95
Parametric,-0.006053356790903624,-0.007572909066507358
Historical,-0.005349239446005516,-0.008240762951992877
Monte Carlo,-0.006180288109154726,-0.007635302207888308
