Metric,VaR_95,CVaR_95
Parametric,-0.00585486110142874,-0.007324755545162662
Historical,-0.004868434062320848,-0.008423222125954413
Monte Carlo,-0.005799164772021572,-0.0073077509031279865
