Metric,VaR_95,CVaR_95
Parametric,-0.006128845964114877,-0.007670824583633396
Historical,-0.0055035006223876914,-0.008451321592731738
Monte Carlo,-0.006089610182861072,-0.007645242068047882
