Metric,VaR_95,CVaR_95
Parametric,-0.007912211276373824,-0.009873170924588002
Historical,-0.0047899502416418605,-0.008926734668548814
Monte Carlo,-0.007994465493487663,-0.010019985102832068
