Metric,VaR_95,CVaR_95
Parametric,-0.00558195977107431,-0.006957604766475177
Historical,-0.004677101494420466,-0.00803333517822269
Monte Carlo,-0.005552236751110712,-0.006910007218783547
