Metric,VaR_95,CVaR_95
Parametric,-0.005509712657731515,-0.006879494453065224
Historical,-0.004708709531908717,-0.008131911183114227
Monte Carlo,-0.005354302594432192,-0.00682966892762701
