Metric,VaR_95,CVaR_95
Parametric,-0.006080238194699965,-0.007601962780726664
Historical,-0.005349239446005516,-0.008240762951992877
Monte Carlo,-0.006135172263800733,-0.007598140114509272
