Metric,VaR_95,CVaR_95
Parametric,-0.0058562462889346885,-0.007273859835285428
Historical,-0.004798127134661434,-0.0082915633087828
Monte Carlo,-0.005755851235904565,-0.007140539901722335
