Metric,VaR_95,CVaR_95
Parametric,-0.006282616606477489,-0.0078083113912336116
Historical,-0.004960482178905101,-0.008868852390666532
Monte Carlo,-0.006176462400557152,-0.007813366086387111
