Metric,VaR_95,CVaR_95
Parametric,-0.0029822924726807106,-0.003725138600660618
Historical,-0.0030012672401238394,-0.004753782526650929
Monte Carlo,-0.0029685371195311365,-0.0037003701899257888
