Metric,VaR_95,CVaR_95
Parametric,-0.004337443983184438,-0.005368691159809065
Historical,-0.005061640527411981,-0.007305892331790366
Monte Carlo,-0.004337018594976169,-0.005448934310572727
