Metric,VaR_95,CVaR_95
Parametric,-0.0054609788821879035,-0.006810373564865515
Historical,-0.004677101494420466,-0.00788917119325255
Monte Carlo,-0.005482931472373242,-0.0068272041797966905
