Metric,VaR_95,CVaR_95
Parametric,-0.005434046004254311,-0.006752923823864077
Historical,-0.004677101494420466,-0.007831326469824214
Monte Carlo,-0.005484701727454449,-0.0068675862099354746
