Metric,VaR_95,CVaR_95
Parametric,-0.001145175753241021,-0.00145340382289712
Historical,-0.0009555700335516226,-0.0011092402825533254
Monte Carlo,-0.0011497637813146374,-0.001451909975437104
