Metric,VaR_95,CVaR_95
Parametric,-0.006463088745636311,-0.008010549165035085
Historical,-0.005061640527411981,-0.009102017779446876
Monte Carlo,-0.0062885776477748494,-0.007884207910482603
