Metric,VaR_95,CVaR_95
Parametric,-0.005617164260711543,-0.006980531359616262
Historical,-0.004677101494420466,-0.00803333517822269
Monte Carlo,-0.005600506505765975,-0.0070349549927213985
