Metric,VaR_95,CVaR_95
Parametric,-0.005689910333490459,-0.007088506432594023
Historical,-0.004798127134661434,-0.008101509248076892
Monte Carlo,-0.005637560547924857,-0.007026888195134937
