Metric,VaR_95,CVaR_95
Parametric,-0.006419301173072394,-0.008009376655555503
Historical,-0.005061640527411981,-0.009291616075307204
Monte Carlo,-0.006151031140981454,-0.007814861696450025
