Metric,VaR_95,CVaR_95
Parametric,-0.0057237803889637635,-0.00718434548796312
Historical,-0.005061640527411981,-0.007814965604170995
Monte Carlo,-0.005768701531328071,-0.007155090980778631
