Metric,VaR_95,CVaR_95
Parametric,-0.007920905910971197,-0.00989829576205541
Historical,-0.0047899502416418605,-0.008926734668548814
Monte Carlo,-0.007887026550419292,-0.009925422082061878
