Metric,VaR_95,CVaR_95
Parametric,-0.003033993818361678,-0.0037770150339416944
Historical,-0.0030012672401238394,-0.004730852219516945
Monte Carlo,-0.0030379729362394192,-0.00380457350859426
