Metric,VaR_95,CVaR_95
Parametric,-0.005427117627958522,-0.006771449859461041
Historical,-0.004677101494420466,-0.007831326469824214
Monte Carlo,-0.005381241147206172,-0.006668981871674117
