Metric,VaR_95,CVaR_95
Parametric,-0.005715641878365877,-0.007174741783739809
Historical,-0.004960482178905101,-0.007662003099906605
Monte Carlo,-0.005713594162288503,-0.007108458979457593
