Metric,VaR_95,CVaR_95
Parametric,-0.0027896567122181865,-0.0035133623536951755
Historical,-0.002400501450494086,-0.004531249142749272
Monte Carlo,-0.0027969135118227273,-0.0035000740782247055
