Metric,VaR_95,CVaR_95
Parametric,-0.006097617493452545,-0.007600218606626127
Historical,-0.005349239446005516,-0.008240762951992877
Monte Carlo,-0.006062458570720858,-0.0076094838099313765
