Metric,VaR_95,CVaR_95
Parametric,-0.005868737276184519,-0.007345920355397564
Historical,-0.004868434062320848,-0.008423222125954413
Monte Carlo,-0.0058822902863762405,-0.007320724747747196
