Metric,VaR_95,CVaR_95
Parametric,-0.0052474579727529655,-0.0065764200352746785
Historical,-0.005061640527411981,-0.008274696636020217
Monte Carlo,-0.005373941944054788,-0.006599735548979643
