Metric,VaR_95,CVaR_95
Parametric,-0.0057201083412059765,-0.007121739492621591
Historical,-0.004798127134661434,-0.008139144945922954
Monte Carlo,-0.005711810687887546,-0.007011286809362643
