Metric,VaR_95,CVaR_95
Parametric,-0.004366235244912832,-0.005386159050187973
Historical,-0.004960482178905101,-0.007305892331790366
Monte Carlo,-0.004345192398236707,-0.005395229210235996
