Metric,VaR_95,CVaR_95
Parametric,-0.005687095874315134,-0.007131683261876751
Historical,-0.004798127134661434,-0.008236953000203402
Monte Carlo,-0.005772347862734428,-0.00717873126518374
