Metric,VaR_95,CVaR_95
Parametric,-0.005651647136465165,-0.00710511418619347
Historical,-0.004798127134661434,-0.008101509248076892
Monte Carlo,-0.005703227777263802,-0.00708324116079866
