Metric,VaR_95,CVaR_95
Parametric,-0.005463789565979678,-0.006829219136028236
Historical,-0.004701994201601667,-0.007966907217439157
Monte Carlo,-0.005457848797848048,-0.006862360924308252
