Metric,VaR_95,CVaR_95
Parametric,-0.006146609987916412,-0.007655469555527014
Historical,-0.005546932642149338,-0.008318195897168883
Monte Carlo,-0.00613784455867835,-0.007659591056053101
