Metric,VaR_95,CVaR_95
Parametric,-0.005391116535469297,-0.00671674698235666
Historical,-0.005349239446005516,-0.008343259103660827
Monte Carlo,-0.0051744937762727115,-0.006511939888738266
