Metric,VaR_95,CVaR_95
Parametric,-0.004290245193104402,-0.005335972896599241
Historical,-0.004960482178905101,-0.007467846635807143
Monte Carlo,-0.0043505831561954054,-0.0053261482879669655
