Metric,VaR_95,CVaR_95
Parametric,-0.00568696974539757,-0.00708925363715379
Historical,-0.004752772918401149,-0.00813274615579304
Monte Carlo,-0.005630384919420104,-0.00703119931420615
