Metric,VaR_95,CVaR_95
Parametric,-0.0031621899949875625,-0.003962751029660969
Historical,-0.0034178497009758058,-0.0050591028491522305
Monte Carlo,-0.0031701124896798515,-0.003951590745245327
