Metric,VaR_95,CVaR_95
Parametric,-0.007933822079964547,-0.009902440716234317
Historical,-0.0047899502416418605,-0.008909503921806387
Monte Carlo,-0.007858969967316852,-0.00981260049691132
