Metric,VaR_95,CVaR_95
Parametric,-0.00405311104836902,-0.004997905765399443
Historical,-0.004868434062320848,-0.007195035281384273
Monte Carlo,-0.004081148741682415,-0.005038990655371139
