Metric,VaR_95,CVaR_95
Parametric,-0.00650658811541193,-0.008097424528189649
Historical,-0.005912725556859844,-0.00891690218138959
Monte Carlo,-0.006551748390568431,-0.008168328760472448
