Metric,VaR_95,CVaR_95
Parametric,-0.005509018592915415,-0.006878946731141546
Historical,-0.004642333019648448,-0.007847755752386129
Monte Carlo,-0.005456524910614508,-0.0069243605099369426
