Metric,VaR_95,CVaR_95
Parametric,-0.005984797062172209,-0.0074653692221605065
Historical,-0.004930288780657488,-0.00856293945976629
Monte Carlo,-0.005994190044389191,-0.007519445186586863
