Metric,VaR_95,CVaR_95
Parametric,-0.0033177737717697974,-0.004105299570494676
Historical,-0.0037132588394930277,-0.005507717519038631
Monte Carlo,-0.003315371220987436,-0.004106421806958574
