Metric,VaR_95,CVaR_95
Parametric,-0.006000669067972138,-0.007506929101787376
Historical,-0.005349239446005516,-0.008240762951992877
Monte Carlo,-0.006124225292123111,-0.007522839534349366
