Metric,VaR_95,CVaR_95
Parametric,-0.005524847760541567,-0.006876198958466248
Historical,-0.004677101494420466,-0.008070929875476907
Monte Carlo,-0.005391508382033447,-0.0068705271476672625
