Metric,VaR_95,CVaR_95
Parametric,-0.00556346812597959,-0.006940998103561997
Historical,-0.004677101494420466,-0.00803333517822269
Monte Carlo,-0.005594869588256669,-0.006981714458674892
