Metric,VaR_95,CVaR_95
Parametric,-0.00646088296975704,-0.008048511149309781
Historical,-0.005912725556859844,-0.00891690218138959
Monte Carlo,-0.006377093211083221,-0.007970325973116652
