Metric,VaR_95,CVaR_95
Parametric,-0.0064026971163152376,-0.007967248886071199
Historical,-0.005061640527411981,-0.009050148193678654
Monte Carlo,-0.006379879989377578,-0.007983184920322656
