Metric,VaR_95,CVaR_95
Parametric,-0.006190687451431333,-0.007783600056710379
Historical,-0.0055035006223876914,-0.008451321592731738
Monte Carlo,-0.006190525971540721,-0.007669264952749705
