Metric,VaR_95,CVaR_95
Parametric,-0.006011214554834282,-0.007533335299644324
Historical,-0.005349239446005516,-0.008240762951992877
Monte Carlo,-0.00591114590255271,-0.00743406529222872
