Metric,VaR_95,CVaR_95
Parametric,-0.00569211965336718,-0.007124301912111041
Historical,-0.004798127134661434,-0.008101509248076892
Monte Carlo,-0.005678153171869278,-0.007026512692468548
