Metric,VaR_95,CVaR_95
Parametric,-0.005683369128269887,-0.007108928785295677
Historical,-0.004798127134661434,-0.008236953000203402
Monte Carlo,-0.005644294386224849,-0.007039308350483634
