Metric,VaR_95,CVaR_95
Parametric,-0.006004951752321236,-0.007415612060267557
Historical,-0.004930288780657488,-0.00856293945976629
Monte Carlo,-0.005924876472770678,-0.0074634416595123895
