Metric,VaR_95,CVaR_95
Parametric,-0.006151620782818143,-0.007627820804477675
Historical,-0.004960482178905101,-0.008713507059064712
Monte Carlo,-0.006124425453856059,-0.007684015312710274
