Metric,VaR_95,CVaR_95
Parametric,-0.005789689269490929,-0.007221797918221401
Historical,-0.005061640527411981,-0.007814965604170995
Monte Carlo,-0.005833105659682246,-0.00737279129735186
