Metric,VaR_95,CVaR_95
Parametric,-0.0031544735180006676,-0.003908769986087372
Historical,-0.0034178497009758058,-0.0050591028491522305
Monte Carlo,-0.0031441739792859285,-0.0039037505590289257
