Metric,VaR_95,CVaR_95
Parametric,-0.006038370537690224,-0.0075227001952358555
Historical,-0.004960482178905101,-0.008713041846468839
Monte Carlo,-0.005973761605876971,-0.007548127021789059
