Metric,VaR_95,CVaR_95
Parametric,-0.006209113709099604,-0.00770874339513418
Historical,-0.004960482178905101,-0.008868852390666532
Monte Carlo,-0.006220145037193751,-0.007701468663378683
