Metric,VaR_95,CVaR_95
Parametric,-0.006451091454691806,-0.007990522768338436
Historical,-0.005061640527411981,-0.009102017779446876
Monte Carlo,-0.006477131670784597,-0.00809907330892518
