Metric,VaR_95,CVaR_95
Parametric,-0.003360373996458529,-0.0041780749181088185
Historical,-0.0037132588394930277,-0.005507717519038631
Monte Carlo,-0.0033194333195489703,-0.0041566932106897455
