Metric,VaR_95,CVaR_95
Parametric,-0.005454269488842983,-0.006812739947039665
Historical,-0.004553194613747591,-0.00776112270555538
Monte Carlo,-0.0054090923923343515,-0.006816546299955564
