Metric,VaR_95,CVaR_95
Parametric,-0.0058597756506489325,-0.007311329674286393
Historical,-0.005061640527411981,-0.007814965604170995
Monte Carlo,-0.00576360521144467,-0.00717731790429559
