Metric,VaR_95,CVaR_95
Parametric,-0.005489119046977515,-0.006833539201337285
Historical,-0.004553194613747591,-0.00776112270555538
Monte Carlo,-0.005384086726926987,-0.006720699772925873
