Metric,VaR_95,CVaR_95
Parametric,-0.006180175145986969,-0.00773667778781114
Historical,-0.004960482178905101,-0.008868852390666532
Monte Carlo,-0.006316121105136138,-0.007804736900637079
