Metric,VaR_95,CVaR_95
Parametric,-0.006223589553427213,-0.007735149169368495
Historical,-0.004960482178905101,-0.008868852390666532
Monte Carlo,-0.006336014271912288,-0.007847236763941294
