Metric,VaR_95,CVaR_95
Parametric,-0.005458011936654392,-0.006846231638356037
Historical,-0.004677101494420466,-0.007964761948169884
Monte Carlo,-0.005466876739789854,-0.006863686639380757
