Metric,VaR_95,CVaR_95
Parametric,-0.006006469033791615,-0.007526737445543545
Historical,-0.0055035006223876914,-0.008133445013500913
Monte Carlo,-0.00631669567765632,-0.007791335642816788
