Metric,VaR_95,CVaR_95
Parametric,-0.005842344120597201,-0.007292478733782707
Historical,-0.005061640527411981,-0.007814965604170995
Monte Carlo,-0.0058263795892122576,-0.007283137418908478
