Metric,VaR_95,CVaR_95
Parametric,-0.0063716494350450825,-0.007908932516950512
Historical,-0.0058685311533672735,-0.008666554129345444
Monte Carlo,-0.006297003849328963,-0.007891091948702227
