Metric,VaR_95,CVaR_95
Parametric,-0.006051912326112523,-0.007609113882192879
Historical,-0.0055035006223876914,-0.008451321592731738
Monte Carlo,-0.005948266767919026,-0.0075771915909219134
