Metric,VaR_95,CVaR_95
Parametric,-0.006431926617706934,-0.008009996298955267
Historical,-0.005912725556859844,-0.00891690218138959
Monte Carlo,-0.0064062078128263224,-0.00810929861435351
