Metric,VaR_95,CVaR_95
Parametric,-0.00793755516535146,-0.009896116057142954
Historical,-0.0047899502416418605,-0.008909503921806387
Monte Carlo,-0.007986357078389846,-0.009970334463935858
