Metric,VaR_95,CVaR_95
Parametric,-0.005503445688498794,-0.006847811514519291
Historical,-0.004642333019648448,-0.007918435019608445
Monte Carlo,-0.005389343426862498,-0.006692694349241787
