Metric,VaR_95,CVaR_95
Parametric,-0.0030944939907638653,-0.0038363248351083613
Historical,-0.0034178497009758058,-0.005020969091785954
Monte Carlo,-0.0030557246374483425,-0.0037833612773129194
