Metric,VaR_95,CVaR_95
Parametric,-0.003106330482202641,-0.0038745701774789013
Historical,-0.0030012672401238394,-0.004730852219516945
Monte Carlo,-0.0031026785281860108,-0.003833780355692613
