Metric,VaR_95,CVaR_95
Parametric,-0.006041476109169463,-0.007539213107808963
Historical,-0.0055035006223876914,-0.008133445013500913
Monte Carlo,-0.006171767780398861,-0.007591597225874493
