Metric,VaR_95,CVaR_95
Parametric,-0.003061195358210153,-0.0037942432473386015
Historical,-0.0030012672401238394,-0.004753782526650929
Monte Carlo,-0.003037366580899226,-0.0037249953112946234
