Metric,VaR_95,CVaR_95
Parametric,-0.005888072583175151,-0.007332520532832465
Historical,-0.004868434062320848,-0.008423222125954413
Monte Carlo,-0.0058666519698438845,-0.00741381111291615
