Metric,VaR_95,CVaR_95
Parametric,-0.0032599626565631206,-0.004043836689800393
Historical,-0.0037132588394930277,-0.005507717519038631
Monte Carlo,-0.0032878778083388896,-0.004035664417879992
