Metric,VaR_95,CVaR_95
Parametric,-0.005739044682626966,-0.007127447053648034
Historical,-0.004798127134661434,-0.008236953000203402
Monte Carlo,-0.005711238498700029,-0.00710501805350996
