Metric,VaR_95,CVaR_95
Parametric,-0.0060615011829703086,-0.0075833476479157235
Historical,-0.004960482178905101,-0.008713507059064712
Monte Carlo,-0.00617718768638369,-0.007580245375970316
