Metric,VaR_95,CVaR_95
Parametric,-0.006299152491144495,-0.007829062779012026
Historical,-0.005061640527411981,-0.009050148193678654
Monte Carlo,-0.006306040796639788,-0.007886566692580463
