Metric,VaR_95,CVaR_95
Parametric,-0.005795308048869111,-0.007204661797604568
Historical,-0.005061640527411981,-0.007814965604170995
Monte Carlo,-0.005848478683118983,-0.00730604522620758
