Metric,VaR_95,CVaR_95
Parametric,-0.007844999986847227,-0.009800824692280607
Historical,-0.004701994201601667,-0.008468990946364885
Monte Carlo,-0.007918614549117856,-0.00993657088643981
