Metric,VaR_95,CVaR_95
Parametric,-0.0031715499962616696,-0.003959668518786204
Historical,-0.0034178497009758058,-0.0050591028491522305
Monte Carlo,-0.003126272541168073,-0.003913473747414968
