Metric,VaR_95,CVaR_95
Parametric,-0.00575569301051138,-0.007143560790811271
Historical,-0.004752772918401149,-0.008136203458813848
Monte Carlo,-0.00561013931660728,-0.007023905541609494
