Metric,VaR_95,CVaR_95
Parametric,-0.0057169511498758796,-0.007144579390508472
Historical,-0.004960482178905101,-0.007662003099906605
Monte Carlo,-0.005736691658288503,-0.007112056694886215
