Metric,VaR_95,CVaR_95
Parametric,-0.005452925232592924,-0.006801405464805079
Historical,-0.004677101494420466,-0.00788917119325255
Monte Carlo,-0.0054581446359643964,-0.0067798107032681935
