Metric,VaR_95,CVaR_95
Parametric,-0.005528984526934033,-0.006894453597081209
Historical,-0.004642333019648448,-0.007847755752386129
Monte Carlo,-0.005558348570789469,-0.006834303399596234
