Metric,VaR_95,CVaR_95
Parametric,-0.005649994820896803,-0.00704813690334392
Historical,-0.004752772918401149,-0.00813274615579304
Monte Carlo,-0.00572474603458812,-0.0071289314708589385
