Metric,VaR_95,CVaR_95
Parametric,-0.00582179533811971,-0.007245023233184014
Historical,-0.004798127134661434,-0.00825542047039072
Monte Carlo,-0.0058509827275766,-0.0071581083878398035
