Metric,VaR_95,CVaR_95
Parametric,-0.005901267741218335,-0.007336775766700482
Historical,-0.005349239446005516,-0.007969073489056337
Monte Carlo,-0.00585935505794335,-0.007317728406228902
