Metric,VaR_95,CVaR_95
Parametric,-0.005828650731235099,-0.007250353665226415
Historical,-0.005061640527411981,-0.007814965604170995
Monte Carlo,-0.005744706227263742,-0.007139007068001424
