Metric,VaR_95,CVaR_95
Parametric,-0.005675547306341257,-0.007070977395826487
Historical,-0.004960482178905101,-0.007662003099906605
Monte Carlo,-0.0056020777416536036,-0.007039597815199687
