Metric,VaR_95,CVaR_95
Parametric,-0.005697495892678997,-0.007054307156854616
Historical,-0.004752772918401149,-0.00813274615579304
Monte Carlo,-0.005693873171383243,-0.007123980515678251
