Metric,VaR_95,CVaR_95
Parametric,-0.0033541877392768158,-0.004166980471453106
Historical,-0.0037132588394930277,-0.005507717519038631
Monte Carlo,-0.0033960340687339352,-0.004242560595975129
