Metric,VaR_95,CVaR_95
Parametric,-0.0037267065589067904,-0.004583882693699889
Historical,-0.003754743612516931,-0.006349213410951483
Monte Carlo,-0.00379530005802064,-0.004673850758121285
