Metric,VaR_95,CVaR_95
Parametric,-0.007946187007654286,-0.009910651283784077
Historical,-0.0047899502416418605,-0.008926734668548814
Monte Carlo,-0.007981532270682998,-0.0101322478253781
