Metric,VaR_95,CVaR_95
Parametric,-0.005897947828330467,-0.007373385862005597
Historical,-0.005349239446005516,-0.007969073489056337
Monte Carlo,-0.005997133382771135,-0.007461460450301066
