Metric,VaR_95,CVaR_95
Parametric,-0.005871301077864454,-0.007318010634971983
Historical,-0.004868434062320848,-0.008423222125954413
Monte Carlo,-0.005879345815068802,-0.007341042545768771
