Metric,VaR_95,CVaR_95
Parametric,-0.006406220792089251,-0.008032148059580774
Historical,-0.005349239446005516,-0.009299532428575367
Monte Carlo,-0.006332376072928864,-0.007942105872441957
