Metric,VaR_95,CVaR_95
Parametric,-0.00588761372935784,-0.007285963731230573
Historical,-0.004798127134661434,-0.0082915633087828
Monte Carlo,-0.005968405197596753,-0.007383323590569377
