Metric,VaR_95,CVaR_95
Parametric,-0.005918877073752207,-0.007380594560340948
Historical,-0.005349239446005516,-0.007969073489056337
Monte Carlo,-0.005940863575691124,-0.007401943526960192
