Metric,VaR_95,CVaR_95
Parametric,-0.005393775444278339,-0.006751859306127365
Historical,-0.004677101494420466,-0.007831326469824214
Monte Carlo,-0.005423326992148093,-0.00674358392895273
