Metric,VaR_95,CVaR_95
Parametric,-0.0030247022270495673,-0.0037974969449083183
Historical,-0.0030012672401238394,-0.004730852219516945
Monte Carlo,-0.002973623517690667,-0.003768881199167376
