Metric,VaR_95,CVaR_95
Parametric,-0.005860557820656015,-0.007255092159318143
Historical,-0.004798127134661434,-0.0082915633087828
Monte Carlo,-0.005783795692214855,-0.007111080581216858
