Metric,VaR_95,CVaR_95
Parametric,-0.0056520144646032625,-0.007032859308050527
Historical,-0.004752772918401149,-0.00799494853474091
Monte Carlo,-0.005576372343869292,-0.006944965293465067
