Metric,VaR_95,CVaR_95
Parametric,-0.0054208165418251205,-0.006734306335802048
Historical,-0.004677101494420466,-0.007831326469824214
Monte Carlo,-0.005364009683590553,-0.006738160407562395
