Metric,VaR_95,CVaR_95
Parametric,-0.0060672714947164795,-0.007588887996410408
Historical,-0.005349239446005516,-0.008240762951992877
Monte Carlo,-0.006000768406439008,-0.0075317067219627205
