Metric,VaR_95,CVaR_95
Parametric,-0.005733266600019816,-0.007094198745128126
Historical,-0.004798127134661434,-0.008101509248076892
Monte Carlo,-0.005736787099380494,-0.007115453643818611
