Metric,VaR_95,CVaR_95
Parametric,-0.006254773729176165,-0.007780960871813242
Historical,-0.004960482178905101,-0.008868852390666532
Monte Carlo,-0.0062946057188552115,-0.007731774586788598
