Metric,VaR_95,CVaR_95
Parametric,-0.005445100999713894,-0.006799994649669418
Historical,-0.004632567561082324,-0.007834432404224856
Monte Carlo,-0.005416036506247546,-0.00675171521901188
