Metric,VaR_95,CVaR_95
Parametric,-0.007898884931275017,-0.009874453513987152
Historical,-0.004798127134661434,-0.008935589107891533
Monte Carlo,-0.007947591442482234,-0.010069569421152042
