Metric,VaR_95,CVaR_95
Parametric,-0.0064326318633613514,-0.008033858820781862
Historical,-0.0058685311533672735,-0.008736128330957927
Monte Carlo,-0.006370831632945907,-0.007898231628309762
