Metric,VaR_95,CVaR_95
Parametric,-0.005830197591915114,-0.007273939750679716
Historical,-0.005061640527411981,-0.007814965604170995
Monte Carlo,-0.005813407466692593,-0.007306911706828995
