Metric,VaR_95,CVaR_95
Parametric,-0.006447009094634949,-0.008058620585126127
Historical,-0.005061640527411981,-0.009291616075307204
Monte Carlo,-0.006506191055509191,-0.008140470228449374
