Metric,VaR_95,CVaR_95
Parametric,-0.005817114481338554,-0.007229108444424205
Historical,-0.004798127134661434,-0.00825542047039072
Monte Carlo,-0.005778217870041966,-0.007146316141942976
