Metric,VaR_95,CVaR_95
Parametric,-0.006106691993656917,-0.0075635289483795805
Historical,-0.004930288780657488,-0.008557131022391395
Monte Carlo,-0.005964844478129693,-0.007508421856612905
