Metric,VaR_95,CVaR_95
Parametric,-0.005787640202746542,-0.007228836681834515
Historical,-0.004798127134661434,-0.00825542047039072
Monte Carlo,-0.005783845780072981,-0.007232692909180711
