Metric,VaR_95,CVaR_95
Parametric,-0.005464061199698909,-0.006797151308564855
Historical,-0.004632567561082324,-0.007834432404224856
Monte Carlo,-0.005401752149817933,-0.006794331078644811
