Metric,VaR_95,CVaR_95
Parametric,-0.005750228228424243,-0.0071681996063863804
Historical,-0.004960482178905101,-0.007662003099906605
Monte Carlo,-0.005670383981382003,-0.007047642500742123
