Metric,VaR_95,CVaR_95
Parametric,-0.007881980173463525,-0.009879431907147435
Historical,-0.0047899502416418605,-0.008926734668548814
Monte Carlo,-0.007724437027722875,-0.009695944832932287
