Metric,VaR_95,CVaR_95
Parametric,-0.005975947269939315,-0.0074630820450231035
Historical,-0.0055035006223876914,-0.008133445013500913
Monte Carlo,-0.005979966129608257,-0.007386864389147833
