Metric,VaR_95,CVaR_95
Parametric,-0.0011292333792162238,-0.0014614664138379177
Historical,-0.0009555700335516226,-0.0011092402825533254
Monte Carlo,-0.0011495260572057988,-0.0014629953573267178
