Metric,VaR_95,CVaR_95
Parametric,-0.004291608968279028,-0.00531055968093212
Historical,-0.004960482178905101,-0.007467846635807143
Monte Carlo,-0.004245728258669129,-0.005286656539981078
