Metric,VaR_95,CVaR_95
Parametric,-0.005444899356147139,-0.006825977520888739
Historical,-0.004553194613747591,-0.00776112270555538
Monte Carlo,-0.0054043125295940445,-0.006824420141659534
