Metric,VaR_95,CVaR_95
Parametric,-0.0055421247065100205,-0.006935874400542287
Historical,-0.004677101494420466,-0.00793834587404229
Monte Carlo,-0.005591817928715266,-0.006888311678028687
