Metric,VaR_95,CVaR_95
Parametric,-0.003049869382519345,-0.003783111706230283
Historical,-0.0030012672401238394,-0.004753782526650929
Monte Carlo,-0.0030545080285124355,-0.0038064690675168574
