Metric,VaR_95,CVaR_95
Parametric,-0.00549291053912769,-0.006859751628854009
Historical,-0.004677101494420466,-0.00804633114183409
Monte Carlo,-0.00551013895994294,-0.006769056030036559
