Metric,VaR_95,CVaR_95
Parametric,-0.007944018038200818,-0.00987762320631034
Historical,-0.004752772918401149,-0.00881427821275862
Monte Carlo,-0.007915913206014922,-0.010140271359231458
