Metric,VaR_95,CVaR_95
Parametric,-0.005644929740135059,-0.007043418131733801
Historical,-0.004752772918401149,-0.00813274615579304
Monte Carlo,-0.005677799556291575,-0.007043354707037645
