Metric,VaR_95,CVaR_95
Parametric,-0.005822707026869979,-0.007274719037414076
Historical,-0.005061640527411981,-0.007814965604170995
Monte Carlo,-0.005770465707278502,-0.007207046428097824
