Metric,VaR_95,CVaR_95
Parametric,-0.005456492751681502,-0.006824776251167723
Historical,-0.004553194613747591,-0.00776112270555538
Monte Carlo,-0.005554275095951804,-0.006900350146839747
