Metric,VaR_95,CVaR_95
Parametric,-0.0030354878028368624,-0.0037821154128449127
Historical,-0.0030012672401238394,-0.004753782526650929
Monte Carlo,-0.0030064701505595273,-0.003753012909822311
