Metric,VaR_95,CVaR_95
Parametric,-0.00593797194652795,-0.007369204119605468
Historical,-0.005349239446005516,-0.007969073489056337
Monte Carlo,-0.00579019325430917,-0.007180936885293301
