Metric,VaR_95,CVaR_95
Parametric,-0.0064595784673908176,-0.008046501330506616
Historical,-0.005349239446005516,-0.008732110657913149
Monte Carlo,-0.006444143869368597,-0.007989829851928065
