Metric,VaR_95,CVaR_95
Parametric,-0.005790038674157708,-0.007209526635566466
Historical,-0.005061640527411981,-0.007814965604170995
Monte Carlo,-0.005697926088232738,-0.007061629302759776
