Metric,VaR_95,CVaR_95
Parametric,-0.001188873262134982,-0.0015118329499150276
Historical,-0.0009555700335516226,-0.0009555700335516226
Monte Carlo,-0.0011644526012257802,-0.0015109899825328029
