Metric,VaR_95,CVaR_95
Parametric,-0.0041839123540754275,-0.005196638376197544
Historical,-0.004868434062320848,-0.007214971897819264
Monte Carlo,-0.004197468967668733,-0.005232844122281343
