Metric,VaR_95,CVaR_95
Parametric,-0.006386141984274482,-0.00795304921977022
Historical,-0.005061640527411981,-0.009050148193678654
Monte Carlo,-0.0065504280743888905,-0.00806362934465939
