Metric,VaR_95,CVaR_95
Parametric,-0.004098108033355414,-0.005057979562972633
Historical,-0.004868434062320848,-0.007195035281384273
Monte Carlo,-0.004104792788699202,-0.005086957816717967
