Metric,VaR_95,CVaR_95
Parametric,-0.005715274725044318,-0.007091418255722272
Historical,-0.004752772918401149,-0.00821680965072048
Monte Carlo,-0.005705731342280556,-0.007119511938507937
