Metric,VaR_95,CVaR_95
Parametric,-0.007903993257451697,-0.009919198531092884
Historical,-0.0047899502416418605,-0.008926734668548814
Monte Carlo,-0.00789844187927266,-0.009910431689900471
