Metric,VaR_95,CVaR_95
Parametric,-0.005423196846141868,-0.006733283068033843
Historical,-0.005349239446005516,-0.008343259103660827
Monte Carlo,-0.0053843927566265305,-0.0067217361914228314
