Metric,VaR_95,CVaR_95
Parametric,-0.0057993026454503304,-0.007285813097430146
Historical,-0.005061640527411981,-0.007814965604170995
Monte Carlo,-0.005728900110770258,-0.007077419271629142
