Metric,VaR_95,CVaR_95
Parametric,-0.0057307055690007476,-0.007134815896051077
Historical,-0.004752772918401149,-0.008136203458813848
Monte Carlo,-0.005767262712155237,-0.007220143658082866
