Metric,VaR_95,CVaR_95
Parametric,-0.005821740212726045,-0.007209311791752356
Historical,-0.004798127134661434,-0.00825542047039072
Monte Carlo,-0.005755438144866631,-0.007220630990436312
