Metric,VaR_95,CVaR_95
Parametric,-0.0028555891098568913,-0.00354518320858133
Historical,-0.002400501450494086,-0.004531249142749272
Monte Carlo,-0.0027665574092496,-0.003456147093070641
