Metric,VaR_95,CVaR_95
Parametric,-0.005518860700935627,-0.0068942397289993435
Historical,-0.004642333019648448,-0.007847755752386129
Monte Carlo,-0.0055093969885647775,-0.006851600827690386
