Metric,VaR_95,CVaR_95
Parametric,-0.0063996564927367725,-0.007942309023023387
Historical,-0.005061640527411981,-0.009050148193678654
Monte Carlo,-0.006422571728974975,-0.007963102326479484
