Metric,VaR_95,CVaR_95
Parametric,-0.007845016396897456,-0.009797021474946927
Historical,-0.004701994201601667,-0.008468990946364885
Monte Carlo,-0.007927084619597126,-0.009911258252407061
