Metric,VaR_95,CVaR_95
Parametric,-0.006478946582488147,-0.008001733965799776
Historical,-0.005349239446005516,-0.009235193631062311
Monte Carlo,-0.006447065221717732,-0.008046137957992899
