Metric,VaR_95,CVaR_95
Parametric,-0.005749101868463392,-0.007126577578959164
Historical,-0.004752772918401149,-0.00821680965072048
Monte Carlo,-0.005665911152360159,-0.007137176200737061
