Metric,VaR_95,CVaR_95
Parametric,-0.006031318570239729,-0.0075392189865652786
Historical,-0.004960482178905101,-0.008713041846468839
Monte Carlo,-0.005920872815064359,-0.007284718663466269
