Metric,VaR_95,CVaR_95
Parametric,-0.005516903537969124,-0.006848089685029491
Historical,-0.004642333019648448,-0.007964154808970343
Monte Carlo,-0.005469524531421768,-0.006929203379996166
