Metric,VaR_95,CVaR_95
Parametric,-0.005918161289204908,-0.007361128970949057
Historical,-0.004868434062320848,-0.008423222125954413
Monte Carlo,-0.00599927181934288,-0.0074394610579290085
