Metric,VaR_95,CVaR_95
Parametric,-0.006463382800255312,-0.00805061157565905
Historical,-0.005061640527411981,-0.009291616075307204
Monte Carlo,-0.006463660998641391,-0.008095982004388606
