Metric,VaR_95,CVaR_95
Parametric,-0.005692180933975931,-0.007108544794871208
Historical,-0.004752772918401149,-0.00821680965072048
Monte Carlo,-0.0057296713803218855,-0.007234474694900453
