Metric,VaR_95,CVaR_95
Parametric,-0.0030181371621345473,-0.003745781666683487
Historical,-0.0034178497009758058,-0.004272413966005158
Monte Carlo,-0.0030415960216712582,-0.0037718666332544905
