Metric,VaR_95,CVaR_95
Parametric,-0.005561517148005446,-0.006898663702137522
Historical,-0.004677101494420466,-0.00804633114183409
Monte Carlo,-0.005590864799914461,-0.0068492525782311115
