Metric,VaR_95,CVaR_95
Parametric,-0.005595671627879524,-0.006991847963956345
Historical,-0.004677101494420466,-0.00803333517822269
Monte Carlo,-0.005713458219760219,-0.007020586618141627
