Metric,VaR_95,CVaR_95
Parametric,-0.0054280145807029225,-0.006754768856965522
Historical,-0.004677101494420466,-0.007831326469824214
Monte Carlo,-0.005445879857633221,-0.006746163490427515
