Metric,VaR_95,CVaR_95
Parametric,-0.005502274659170157,-0.00688461727539636
Historical,-0.004642333019648448,-0.007847755752386129
Monte Carlo,-0.00549014749565769,-0.006927976190864948
