Metric,VaR_95,CVaR_95
Parametric,-0.0021624829758747984,-0.002686191244101682
Historical,-0.002400501450494086,-0.005349239446005516
Monte Carlo,-0.0021644808141663293,-0.002720708566514806
