Metric,VaR_95,CVaR_95
Parametric,-0.00424335854673941,-0.005266578251280711
Historical,-0.004960482178905101,-0.007537041857664144
Monte Carlo,-0.004233277964011411,-0.005288428223217154
