Metric,VaR_95,CVaR_95
Parametric,-0.0028142958778915304,-0.0035050754746848156
Historical,-0.002400501450494086,-0.004531249142749272
Monte Carlo,-0.002796600113157576,-0.003508109193208922
