Metric,VaR_95,CVaR_95
Parametric,-0.0054245246291211744,-0.006779577130680398
Historical,-0.004677101494420466,-0.007831326469824214
Monte Carlo,-0.005363278391957555,-0.006689292479576894
