Metric,VaR_95,CVaR_95
Parametric,-0.005632656711078688,-0.007047468905288986
Historical,-0.004752772918401149,-0.00813274615579304
Monte Carlo,-0.005655669209316111,-0.007015604636678337
