Metric,VaR_95,CVaR_95
Parametric,-0.005735255060852698,-0.0071933605441443366
Historical,-0.005061640527411981,-0.007814965604170995
Monte Carlo,-0.0058230491454759736,-0.007246918574481367
