Metric,VaR_95,CVaR_95
Parametric,-0.006499679707829215,-0.008067020695339103
Historical,-0.005912725556859844,-0.00891690218138959
Monte Carlo,-0.006382517925169141,-0.007993583602695233
