Metric,VaR_95,CVaR_95
Parametric,-0.006123930673203075,-0.0075858098299521354
Historical,-0.004960482178905101,-0.008713507059064712
Monte Carlo,-0.006053333928087175,-0.007557664264019829
