Metric,VaR_95,CVaR_95
Parametric,-0.006121604224410402,-0.00762185334281951
Historical,-0.0055035006223876914,-0.008318195897168883
Monte Carlo,-0.006085131434062752,-0.007669661094500744
