Metric,VaR_95,CVaR_95
Parametric,-0.0062342521587943085,-0.007857512912903588
Historical,-0.005061640527411981,-0.009050148193678654
Monte Carlo,-0.006363554775215438,-0.00788669899085852
