Metric,VaR_95,CVaR_95
Parametric,-0.0055207270082670255,-0.006831677089515036
Historical,-0.004701994201601667,-0.007966907217439157
Monte Carlo,-0.005459422584541737,-0.0068352099524833145
