Metric,VaR_95,CVaR_95
Parametric,-0.00647314451683845,-0.008107177365314999
Historical,-0.005061640527411981,-0.009342705712039224
Monte Carlo,-0.006435004032846835,-0.008083815439928522
