Metric,VaR_95,CVaR_95
Parametric,-0.0026103317723275552,-0.0032880920574389055
Historical,-0.0022608845176560477,-0.003874870448249801
Monte Carlo,-0.002642481630014414,-0.003320535101245981
