Metric,VaR_95,CVaR_95
Parametric,-0.0030904901340784766,-0.003846575431638293
Historical,-0.0028384321419705483,-0.004730852219516945
Monte Carlo,-0.0031258430072697743,-0.0038999714180219663
