Metric,VaR_95,CVaR_95
Parametric,-0.002891036979659135,-0.0036039625171506526
Historical,-0.0034178497009758058,-0.004531249142749272
Monte Carlo,-0.0028961828018355187,-0.0036059021035098476
