Metric,VaR_95,CVaR_95
Parametric,-0.004346770777776782,-0.005398284111417461
Historical,-0.004960482178905101,-0.007305892331790366
Monte Carlo,-0.004368262390286965,-0.0053591123642359835
