Metric,VaR_95,CVaR_95
Parametric,-0.005459448986584928,-0.006825920380776108
Historical,-0.004642333019648448,-0.007918435019608445
Monte Carlo,-0.005391859523772403,-0.006854642592935772
