Metric,VaR_95,CVaR_95
Parametric,-0.005583475753396582,-0.006963246743854568
Historical,-0.004677101494420466,-0.00803333517822269
Monte Carlo,-0.005681307502648936,-0.007046541661449289
