Metric,VaR_95,CVaR_95
Parametric,-0.005338273142464686,-0.0066584430319944835
Historical,-0.005349239446005516,-0.008343259103660827
Monte Carlo,-0.005337128972571844,-0.006685916667320901
