Metric,VaR_95,CVaR_95
Parametric,-0.005941957872359747,-0.007370120041388443
Historical,-0.005349239446005516,-0.007969073489056337
Monte Carlo,-0.005951801646753212,-0.007418786398200383
