Metric,VaR_95,CVaR_95
Parametric,-0.003012424415700844,-0.003745607774543624
Historical,-0.0034178497009758058,-0.004272413966005158
Monte Carlo,-0.0030204508428348584,-0.003749651227852965
