Metric,VaR_95,CVaR_95
Parametric,-0.0059199794994014,-0.007352430614190325
Historical,-0.004868434062320848,-0.008423222125954413
Monte Carlo,-0.005910911168171377,-0.007382530515807449
