Metric,VaR_95,CVaR_95
Parametric,-0.0055379481759649605,-0.006856386006814817
Historical,-0.004677101494420466,-0.00804633114183409
Monte Carlo,-0.005494230793220166,-0.0069360683711873795
