Metric,VaR_95,CVaR_95
Parametric,-0.006137777940874769,-0.007610736223906909
Historical,-0.004960482178905101,-0.008713507059064712
Monte Carlo,-0.0061945921950097484,-0.007809720864509935
