Metric,VaR_95,CVaR_95
Parametric,-0.0065147185538972675,-0.008071855695430596
Historical,-0.005912725556859844,-0.00891690218138959
Monte Carlo,-0.006425824236821386,-0.00795423175544652
