Metric,VaR_95,CVaR_95
Parametric,-0.002081055243941193,-0.0025874430158507812
Historical,-0.001160058545528475,-0.005349239446005516
Monte Carlo,-0.002093388923686891,-0.0025757531266995767
