Metric,VaR_95,CVaR_95
Parametric,-0.005657608445604725,-0.007079547281870879
Historical,-0.004960482178905101,-0.007662003099906605
Monte Carlo,-0.005588025364744155,-0.007043081660109707
