Metric,VaR_95,CVaR_95
Parametric,-0.006058026077091224,-0.0075566658056785505
Historical,-0.004960482178905101,-0.008713041846468839
Monte Carlo,-0.005974335286244363,-0.007397302270611209
