Metric,VaR_95,CVaR_95
Parametric,-0.0053899958993371515,-0.006714763327546689
Historical,-0.004642333019648448,-0.0077596395385650385
Monte Carlo,-0.0053255080024676585,-0.0066621366230468215
