Metric,VaR_95,CVaR_95
Parametric,-0.005942554165479575,-0.007382377955547645
Historical,-0.005349239446005516,-0.007969073489056337
Monte Carlo,-0.005827974180960041,-0.007327718956433579
