Metric,VaR_95,CVaR_95
Parametric,-0.004250327937968506,-0.0052562837843129675
Historical,-0.004960482178905101,-0.007467846635807143
Monte Carlo,-0.004192234331275407,-0.0051784962094090095
