Metric,VaR_95,CVaR_95
Parametric,-0.007803285951666003,-0.009816100798329353
Historical,-0.004701994201601667,-0.008424082486265262
Monte Carlo,-0.007866359726071573,-0.009778512790434736
