Metric,VaR_95,CVaR_95
Parametric,-0.006237148554896751,-0.007754278980832231
Historical,-0.004960482178905101,-0.008868852390666532
Monte Carlo,-0.0062036244385286115,-0.007762906107103504
