Metric,VaR_95,CVaR_95
Parametric,-0.005493557173032601,-0.006890097473648804
Historical,-0.004642333019648448,-0.007847755752386129
Monte Carlo,-0.005591820891953907,-0.006984592297073795
