Metric,VaR_95,CVaR_95
Parametric,-0.006458352903925895,-0.008030217827490275
Historical,-0.005912725556859844,-0.00891690218138959
Monte Carlo,-0.006338772787313766,-0.007854300153924071
