Metric,VaR_95,CVaR_95
Parametric,-0.004299391759728259,-0.005288253055255698
Historical,-0.004960482178905101,-0.007467846635807143
Monte Carlo,-0.00419890597494263,-0.005137140144052183
