Metric,VaR_95,CVaR_95
Parametric,-0.006450096306375025,-0.007984156891716382
Historical,-0.005061640527411981,-0.009102017779446876
Monte Carlo,-0.0061855023977336315,-0.007817173614736293
