Metric,VaR_95,CVaR_95
Parametric,-0.005632388631506448,-0.007057019090588006
Historical,-0.004752772918401149,-0.00799494853474091
Monte Carlo,-0.005661496646684059,-0.007029186997010937
