Metric,VaR_95,CVaR_95
Parametric,-0.0031140458661379268,-0.003868577550231111
Historical,-0.0034178497009758058,-0.005020969091785954
Monte Carlo,-0.00305832136402498,-0.0038935269357117525
