Metric,VaR_95,CVaR_95
Parametric,-0.006114315540896477,-0.007555786211650267
Historical,-0.004930288780657488,-0.008557131022391395
Monte Carlo,-0.006220956108486745,-0.007632115378224195
