Metric,VaR_95,CVaR_95
Parametric,-0.0063663135379657485,-0.00795898019174814
Historical,-0.0058685311533672735,-0.008666554129345444
Monte Carlo,-0.006325170076508518,-0.007883793613014849
