Metric,VaR_95,CVaR_95
Parametric,-0.006415946212813251,-0.007994765412950246
Historical,-0.005349239446005516,-0.009235193631062311
Monte Carlo,-0.006420097006843037,-0.008059846294307284
