Metric,VaR_95,CVaR_95
Parametric,-0.0060591594297936605,-0.007561856930687455
Historical,-0.0055035006223876914,-0.008133445013500913
Monte Carlo,-0.005979404688206243,-0.007428539319481463
