Metric,VaR_95,CVaR_95
Parametric,-0.002996255716679384,-0.0037410147834336625
Historical,-0.0030012672401238394,-0.004753782526650929
Monte Carlo,-0.003045394242715195,-0.0037966347476746866
