Metric,VaR_95,CVaR_95
Parametric,-0.00554875942808919,-0.006886675863120448
Historical,-0.004677101494420466,-0.00793834587404229
Monte Carlo,-0.005512563616274751,-0.0068283079774614066
