Metric,VaR_95,CVaR_95
Parametric,-0.0011240950955127714,-0.001431141023503865
Historical,-0.0009555700335516226,-0.0009555700335516226
Monte Carlo,-0.0011749287332285744,-0.001455333167393439
