Metric,VaR_95,CVaR_95
Parametric,-0.007894462249302642,-0.009855504699620174
Historical,-0.0047899502416418605,-0.008849391983449239
Monte Carlo,-0.00806764987439761,-0.009976225087159752
