Metric,VaR_95,CVaR_95
Parametric,-0.0028780377031578873,-0.00358331897315519
Historical,-0.0034178497009758058,-0.004531249142749272
Monte Carlo,-0.0028933512342587233,-0.0036040517180863734
