Metric,VaR_95,CVaR_95
Parametric,-0.005447362113350126,-0.006782677149475444
Historical,-0.004677101494420466,-0.007831326469824214
Monte Carlo,-0.005419830333840039,-0.006692151834476306
