Metric,VaR_95,CVaR_95
Parametric,-0.004197730462990476,-0.005198831299049693
Historical,-0.004868434062320848,-0.007214971897819264
Monte Carlo,-0.004173081003169022,-0.00520939819871982
