Metric,VaR_95,CVaR_95
Parametric,-0.004235504432588001,-0.005249655453003972
Historical,-0.004868434062320848,-0.007214971897819264
Monte Carlo,-0.0041265793756935995,-0.005096860856532285
