Metric,VaR_95,CVaR_95
Parametric,-0.005738196430449404,-0.007149146633102772
Historical,-0.004960482178905101,-0.007662003099906605
Monte Carlo,-0.005614300866155591,-0.006963149681571327
