Metric,VaR_95,CVaR_95
Parametric,-0.0054157013295752865,-0.006803278704987807
Historical,-0.004553194613747591,-0.00776112270555538
Monte Carlo,-0.005491379653408158,-0.0068001873707811186
