Metric,VaR_95,CVaR_95
Parametric,-0.006437141019553833,-0.00801820741582243
Historical,-0.005061640527411981,-0.009291616075307204
Monte Carlo,-0.0063583539107229005,-0.007937616324106835
