Metric,VaR_95,CVaR_95
Parametric,-0.005497780379782368,-0.006828908980289086
Historical,-0.004553194613747591,-0.007837786575062738
Monte Carlo,-0.005473957354356025,-0.006849967058841121
