Metric,VaR_95,CVaR_95
Parametric,-0.0011873768901769152,-0.0015071325998066664
Historical,-0.0009555700335516226,-0.0011092402825533254
Monte Carlo,-0.0011851056602651675,-0.0015142188889507204
