Metric,VaR_95,CVaR_95
Parametric,-0.004346231745118761,-0.005405351785799325
Historical,-0.004960482178905101,-0.007305892331790366
Monte Carlo,-0.004367132683696632,-0.005420008222130437
