Metric,VaR_95,CVaR_95
Parametric,-0.005736915054444492,-0.007127460705589717
Historical,-0.004798127134661434,-0.008327089731883675
Monte Carlo,-0.005538645561896931,-0.00695433166890072
