Metric,VaR_95,CVaR_95
Parametric,-0.005614359039801394,-0.006968910338350627
Historical,-0.004677101494420466,-0.00803333517822269
Monte Carlo,-0.005506999774171272,-0.006897119416859792
