Metric,VaR_95,CVaR_95
Parametric,-0.005440829886602798,-0.006785901316235899
Historical,-0.004677101494420466,-0.00788917119325255
Monte Carlo,-0.005424635083282707,-0.006869494256963792
