Metric,VaR_95,CVaR_95
Parametric,-0.0054426059932973685,-0.006779813355397223
Historical,-0.004553194613747591,-0.00776112270555538
Monte Carlo,-0.0053206688566776045,-0.0066570051034995645
