Metric,VaR_95,CVaR_95
Parametric,-0.005930905769832693,-0.007387145680842196
Historical,-0.005349239446005516,-0.007969073489056337
Monte Carlo,-0.005767438274710799,-0.007262743652469023
