Metric,VaR_95,CVaR_95
Parametric,-0.005509366563776082,-0.0068779199737710635
Historical,-0.004677101494420466,-0.00804633114183409
Monte Carlo,-0.005559843711989099,-0.006884243560737654
