Metric,VaR_95,CVaR_95
Parametric,-0.005497310781225542,-0.006826823647638768
Historical,-0.004553194613747591,-0.007837786575062738
Monte Carlo,-0.005453264460409904,-0.006741933361619417
