Metric,VaR_95,CVaR_95
Parametric,-0.0053954636240526,-0.006737278646153376
Historical,-0.004677101494420466,-0.007831326469824214
Monte Carlo,-0.005429465058402521,-0.006686030510452861
