Metric,VaR_95,CVaR_95
Parametric,-0.006495371720764097,-0.008090806875122002
Historical,-0.005061640527411981,-0.009342705712039224
Monte Carlo,-0.006452230993849932,-0.008021539080107132
