Metric,VaR_95,CVaR_95
Parametric,-0.002831522336152361,-0.0035753346358691216
Historical,-0.002400501450494086,-0.004531249142749272
Monte Carlo,-0.002842622308852672,-0.0036006349261427325
