Metric,VaR_95,CVaR_95
Parametric,-0.006078919532965151,-0.007625427640657424
Historical,-0.0055035006223876914,-0.008318195897168883
Monte Carlo,-0.006113255701239496,-0.007636555459779879
