Metric,VaR_95,CVaR_95
Parametric,-0.006208855548727853,-0.0077260639587154265
Historical,-0.005061640527411981,-0.008879500992321654
Monte Carlo,-0.0063321901355944,-0.007927514537425833
