Metric,VaR_95,CVaR_95
Parametric,-0.003224807614292772,-0.003997696406630041
Historical,-0.0034178497009758058,-0.0050591028491522305
Monte Carlo,-0.0032363355869103557,-0.00400290498959914
