Metric,VaR_95,CVaR_95
Parametric,-0.005480709447273502,-0.006834033223822601
Historical,-0.004642333019648448,-0.007847755752386129
Monte Carlo,-0.005381177392699317,-0.006873676468049509
