Metric,VaR_95,CVaR_95
Parametric,-0.005486259354545649,-0.006826356543804464
Historical,-0.004553194613747591,-0.00776112270555538
Monte Carlo,-0.00546915472201199,-0.006825568510286525
