Metric,VaR_95,CVaR_95
Parametric,-0.004287078468984781,-0.005325710166736211
Historical,-0.004960482178905101,-0.007467846635807143
Monte Carlo,-0.004275385464313371,-0.005314773439952811
