Metric,VaR_95,CVaR_95
Parametric,-0.0027870796317354296,-0.0034836802312520065
Historical,-0.0034178497009758058,-0.004531249142749272
Monte Carlo,-0.00276374782118376,-0.003496870745453581
