Metric,VaR_95,CVaR_95
Parametric,-0.005416401217975083,-0.006731831363630455
Historical,-0.004677101494420466,-0.007831326469824214
Monte Carlo,-0.0053745989989524,-0.006691765048521376
