Metric,VaR_95,CVaR_95
Parametric,-0.0028479459132017197,-0.0035819880454292952
Historical,-0.002400501450494086,-0.004531249142749272
Monte Carlo,-0.002852895752751731,-0.003625945136366611
