Metric,VaR_95,CVaR_95
Parametric,-0.006516301008116711,-0.008079833375296327
Historical,-0.005061640527411981,-0.009342705712039224
Monte Carlo,-0.0064499095450647114,-0.008097776081911395
