Metric,VaR_95,CVaR_95
Parametric,-0.005498882122181975,-0.006852186707204042
Historical,-0.004642333019648448,-0.007918435019608445
Monte Carlo,-0.005455525057475389,-0.006809967133789872
