Metric,VaR_95,CVaR_95
Parametric,-0.007873862651642166,-0.009887246318503056
Historical,-0.004752772918401149,-0.00881427821275862
Monte Carlo,-0.007843217156486634,-0.00966025677700535
