Metric,VaR_95,CVaR_95
Parametric,-0.007850324846558442,-0.009797928255701874
Historical,-0.004708709531908717,-0.008527865142362881
Monte Carlo,-0.0077281865333767,-0.009849785986129986
