Metric,VaR_95,CVaR_95
Parametric,-0.005489832452249233,-0.0068281011821014065
Historical,-0.004553194613747591,-0.007837786575062738
Monte Carlo,-0.005455000260330099,-0.006870460866101356
