Metric,VaR_95,CVaR_95
Parametric,-0.0035152630543411477,-0.0043648866204672706
Historical,-0.0037132588394930277,-0.0062283706928174904
Monte Carlo,-0.003498654568937428,-0.004327333840457926
