Metric,VaR_95,CVaR_95
Parametric,-0.006321986652207248,-0.007868218796466738
Historical,-0.005061640527411981,-0.009050148193678654
Monte Carlo,-0.0063014628337262416,-0.007752590679278737
