Metric,VaR_95,CVaR_95
Parametric,-0.0061134676448374465,-0.007590063041497758
Historical,-0.004960482178905101,-0.008713041846468839
Monte Carlo,-0.006126701865787754,-0.0076889978236405485
