Metric,VaR_95,CVaR_95
Parametric,-0.0058815463710252145,-0.007319981890180981
Historical,-0.005349239446005516,-0.007969073489056337
Monte Carlo,-0.005825404384333361,-0.007265975971897523
