Metric,VaR_95,CVaR_95
Parametric,-0.0031863291261696597,-0.003967473969279176
Historical,-0.0034178497009758058,-0.0050591028491522305
Monte Carlo,-0.003176624876406922,-0.003932044304311456
