Metric,VaR_95,CVaR_95
Parametric,-0.0053804935857959925,-0.006717750827050287
Historical,-0.004642333019648448,-0.0077596395385650385
Monte Carlo,-0.005401459337667689,-0.006687460060794615
