Metric,VaR_95,CVaR_95
Parametric,-0.005385439748199484,-0.006701458814025593
Historical,-0.004642333019648448,-0.0077596395385650385
Monte Carlo,-0.005265674494681921,-0.006587002372528805
