Metric,VaR_95,CVaR_95
Parametric,-0.00547009490225239,-0.006788790386318465
Historical,-0.004701994201601667,-0.00790583438097237
Monte Carlo,-0.005393718630786864,-0.006748385224906315
