Metric,VaR_95,CVaR_95
Parametric,-0.0032818037807009533,-0.0040744824505254875
Historical,-0.0037132588394930277,-0.005507717519038631
Monte Carlo,-0.0032566118155846584,-0.004014960936400225
