Metric,VaR_95,CVaR_95
Parametric,-0.0064017560758440045,-0.00799714144024608
Historical,-0.005061640527411981,-0.009102017779446876
Monte Carlo,-0.006439785924690821,-0.008083012825249722
