Metric,VaR_95,CVaR_95
Parametric,-0.005698852380002888,-0.007110415685413767
Historical,-0.004960482178905101,-0.007662003099906605
Monte Carlo,-0.005606346163181774,-0.006972019775003362
