Metric,VaR_95,CVaR_95
Parametric,-0.006191997306741706,-0.007623939006487595
Historical,-0.0055035006223876914,-0.008133445013500913
Monte Carlo,-0.006338253044673931,-0.00783563920930959
