Metric,VaR_95,CVaR_95
Parametric,-0.0030500042078300555,-0.0038022837759395154
Historical,-0.0030012672401238394,-0.004730852219516945
Monte Carlo,-0.0029966556180084833,-0.0037114567911811372
