Metric,VaR_95,CVaR_95
Parametric,-0.006231304265865444,-0.007772617802321689
Historical,-0.004960482178905101,-0.008868852390666532
Monte Carlo,-0.006120488710760353,-0.007661473635512685
