Metric,VaR_95,CVaR_95
Parametric,-0.005789390691822479,-0.007215809418460179
Historical,-0.004798127134661434,-0.00825542047039072
Monte Carlo,-0.005935185301556858,-0.0073629383556664705
