Metric,VaR_95,CVaR_95
Parametric,-0.0061136167805242204,-0.007579836170841322
Historical,-0.004960482178905101,-0.008713507059064712
Monte Carlo,-0.006169065000012555,-0.007635386797671588
