Metric,VaR_95,CVaR_95
Parametric,-0.00792315883845327,-0.009920629645081827
Historical,-0.004798127134661434,-0.009016487006242017
Monte Carlo,-0.00785196877204586,-0.00986680121330454
