Metric,VaR_95,CVaR_95
Parametric,-0.005446995077645291,-0.0068386055258108916
Historical,-0.004642333019648448,-0.007964154808970343
Monte Carlo,-0.005591994955627754,-0.006954167338049409
