Metric,VaR_95,CVaR_95
Parametric,-0.0032061805733376745,-0.003997059131218732
Historical,-0.0034178497009758058,-0.0050591028491522305
Monte Carlo,-0.003263599987430135,-0.004003370772199155
