Metric,VaR_95,CVaR_95
Parametric,-0.005789940611934352,-0.0072294104015400915
Historical,-0.004798127134661434,-0.00825542047039072
Monte Carlo,-0.005896398630707405,-0.0073762320988506255
