Metric,VaR_95,CVaR_95
Parametric,-0.005431160685098387,-0.006791808269575657
Historical,-0.004677101494420466,-0.00788917119325255
Monte Carlo,-0.00549634697069425,-0.006863887012956341
