Metric,VaR_95,CVaR_95
Parametric,-0.0011207277961576907,-0.0014167099804954751
Historical,-0.0009555700335516226,-0.0009555700335516226
Monte Carlo,-0.001104763228059682,-0.0014123524999092958
