Metric,VaR_95,CVaR_95
Parametric,-0.0030000428137698337,-0.0037481522572441707
Historical,-0.0030012672401238394,-0.004753782526650929
Monte Carlo,-0.0030120345831802,-0.0037843464430313504
