Metric,VaR_95,CVaR_95
Parametric,-0.005650674725761277,-0.007042436299700536
Historical,-0.004752772918401149,-0.00799494853474091
Monte Carlo,-0.005635672131177665,-0.00711834994432794
