Metric,VaR_95,CVaR_95
Parametric,-0.0055990286815846245,-0.007009555825058361
Historical,-0.004752772918401149,-0.00799494853474091
Monte Carlo,-0.00549523232597744,-0.006921127619563205
