Metric,VaR_95,CVaR_95
Parametric,-0.005799918510489057,-0.0072629416536709925
Historical,-0.004798127134661434,-0.0082915633087828
Monte Carlo,-0.005940340382853411,-0.00729984361711214
