Metric,VaR_95,CVaR_95
Parametric,-0.005664546797566715,-0.007063766146064682
Historical,-0.004752772918401149,-0.00799494853474091
Monte Carlo,-0.005729318322937624,-0.007115427598877996
