Metric,VaR_95,CVaR_95
Parametric,-0.005663769378853299,-0.007078642822181485
Historical,-0.004960482178905101,-0.007662003099906605
Monte Carlo,-0.005549163453694622,-0.006947578282073062
