Metric,VaR_95,CVaR_95
Parametric,-0.004256092644179388,-0.005271079462455792
Historical,-0.004960482178905101,-0.007467846635807143
Monte Carlo,-0.004356744544804305,-0.005443865940846617
