Metric,VaR_95,CVaR_95
Parametric,-0.005380122263371342,-0.006695010835990796
Historical,-0.005349239446005516,-0.008343259103660827
Monte Carlo,-0.005358712838452501,-0.006687929759719232
