Metric,VaR_95,CVaR_95
Parametric,-0.0056085973575250294,-0.007026705871134394
Historical,-0.004752772918401149,-0.00799494853474091
Monte Carlo,-0.00564363233238568,-0.007035330943264082
