Metric,VaR_95,CVaR_95
Parametric,-0.00553171865140184,-0.006886952162354131
Historical,-0.004677101494420466,-0.00793834587404229
Monte Carlo,-0.005424714717959904,-0.006875251706273221
