Metric,VaR_95,CVaR_95
Parametric,-0.006467410837315766,-0.008010937264414576
Historical,-0.005349239446005516,-0.009299532428575367
Monte Carlo,-0.006457517597699291,-0.007937385650426478
