Metric,VaR_95,CVaR_95
Parametric,-0.00566821050767569,-0.007077616373911974
Historical,-0.004752772918401149,-0.00813274615579304
Monte Carlo,-0.005612697959489897,-0.0069832717654272946
