Metric,VaR_95,CVaR_95
Parametric,-0.0030907995674789336,-0.003853216022967232
Historical,-0.0030012672401238394,-0.004730852219516945
Monte Carlo,-0.0031393452985408656,-0.003883873136587282
