Metric,VaR_95,CVaR_95
Parametric,-0.0028171639896832777,-0.0035308031585861532
Historical,-0.002400501450494086,-0.004531249142749272
Monte Carlo,-0.0028163713891248025,-0.0035307109861944684
