Metric,VaR_95,CVaR_95
Parametric,-0.007801645177145296,-0.009805216939850389
Historical,-0.004677101494420466,-0.008341369413272738
Monte Carlo,-0.007796902967762085,-0.009698909109699574
