Metric,VaR_95,CVaR_95
Parametric,-0.005856148186881656,-0.0073385996651515965
Historical,-0.004868434062320848,-0.008423222125954413
Monte Carlo,-0.005863137750384359,-0.007354343373712133
