Metric,VaR_95,CVaR_95
Parametric,-0.00634741235844597,-0.007865568817011323
Historical,-0.0058685311533672735,-0.008666554129345444
Monte Carlo,-0.0061409182965829435,-0.007699779228794789
