Metric,VaR_95,CVaR_95
Parametric,-0.007874403887977412,-0.009819220035905652
Historical,-0.004701994201601667,-0.008424082486265262
Monte Carlo,-0.007891336501435052,-0.010090526229913842
