Metric,VaR_95,CVaR_95
Parametric,-0.006381155772492141,-0.007984575098951474
Historical,-0.005349239446005516,-0.009235193631062311
Monte Carlo,-0.006447502648532035,-0.007967198651959459
