Metric,VaR_95,CVaR_95
Parametric,-0.005808126449216847,-0.007256622380075297
Historical,-0.004868434062320848,-0.008380864411430345
Monte Carlo,-0.005862427405695216,-0.007333402509702643
