Metric,VaR_95,CVaR_95
Parametric,-0.006107255978326966,-0.0076356556620784275
Historical,-0.005546932642149338,-0.008318195897168883
Monte Carlo,-0.006000294646902669,-0.00750902388412203
