Metric,VaR_95,CVaR_95
Parametric,-0.005672146004543429,-0.00709500645445254
Historical,-0.004798127134661434,-0.008139144945922954
Monte Carlo,-0.005756699575244242,-0.007144414954142846
