Metric,VaR_95,CVaR_95
Parametric,-0.006313251827892754,-0.00784367373549118
Historical,-0.0055035006223876914,-0.008451321592731738
Monte Carlo,-0.006226393328996825,-0.007744628748412364
