Metric,VaR_95,CVaR_95
Parametric,-0.0053774849668382675,-0.006724061421232729
Historical,-0.004642333019648448,-0.0077596395385650385
Monte Carlo,-0.0054555982259726936,-0.006831732359932408
