Metric,VaR_95,CVaR_95
Parametric,-0.005527337239315696,-0.006893191148567907
Historical,-0.004708709531908717,-0.008131911183114227
Monte Carlo,-0.005649219172927915,-0.007035206914298238
