Metric,VaR_95,CVaR_95
Parametric,-0.0010796979148445377,-0.0013722513785071882
Historical,-0.0008971126304817556,-0.0009555700335516226
Monte Carlo,-0.0010793700307178068,-0.0013780278535982533
