Metric,VaR_95,CVaR_95
Parametric,-0.006051706075523689,-0.007565895143178482
Historical,-0.004960482178905101,-0.008713041846468839
Monte Carlo,-0.0060773257905885995,-0.007560503515534252
