Metric,VaR_95,CVaR_95
Parametric,-0.005385938784719168,-0.006735282893218337
Historical,-0.004677101494420466,-0.007831326469824214
Monte Carlo,-0.0053144284770787,-0.00654841830478894
