Metric,VaR_95,CVaR_95
Parametric,-0.006284635345577816,-0.00782075028485764
Historical,-0.005061640527411981,-0.009050148193678654
Monte Carlo,-0.0063145636884140485,-0.007874108869113987
