Metric,VaR_95,CVaR_95
Parametric,-0.006299704850059013,-0.007846345856980946
Historical,-0.005061640527411981,-0.009050148193678654
Monte Carlo,-0.006313221796704668,-0.007796601171533213
