Metric,VaR_95,CVaR_95
Parametric,-0.0029826597402352896,-0.0037283500825988887
Historical,-0.0030012672401238394,-0.004730852219516945
Monte Carlo,-0.003027754146804857,-0.003765364654093487
