Metric,VaR_95,CVaR_95
Parametric,-0.006084985699459914,-0.007574903433951052
Historical,-0.004960482178905101,-0.008713507059064712
Monte Carlo,-0.006192326032387035,-0.007809146793920182
