Metric,VaR_95,CVaR_95
Parametric,-0.0055902441216962315,-0.006911143303476917
Historical,-0.004677101494420466,-0.00793834587404229
Monte Carlo,-0.0055506973406207645,-0.007044067472424939
