Metric,VaR_95,CVaR_95
Parametric,-0.005454806120912223,-0.006852262387664356
Historical,-0.004677101494420466,-0.00804633114183409
Monte Carlo,-0.005599375146740931,-0.006991161355572864
