Metric,VaR_95,CVaR_95
Parametric,-0.006346445478284673,-0.007934546744496838
Historical,-0.005061640527411981,-0.009050148193678654
Monte Carlo,-0.0063839492215538585,-0.007895836458928612
