Metric,VaR_95,CVaR_95
Parametric,-0.006471665718832134,-0.008104501516864005
Historical,-0.005061640527411981,-0.009291616075307204
Monte Carlo,-0.006475314749011114,-0.008111898386436195
