Metric,VaR_95,CVaR_95
Parametric,-0.007829301263762129,-0.00982036608693393
Historical,-0.004708709531908717,-0.008552552755575022
Monte Carlo,-0.0078122866284116394,-0.009750995557477922
