Metric,VaR_95,CVaR_95
Parametric,-0.006391831750637565,-0.00797422800683663
Historical,-0.005349239446005516,-0.009235193631062311
Monte Carlo,-0.006395906753236753,-0.007979072687959827
