Metric,VaR_95,CVaR_95
Parametric,-0.0062677445405656465,-0.007798244044495269
Historical,-0.004960482178905101,-0.008868852390666532
Monte Carlo,-0.006319011294123473,-0.00779903137779955
