Metric,VaR_95,CVaR_95
Parametric,-0.0062078617664089635,-0.007714182683888369
Historical,-0.005061640527411981,-0.008879500992321654
Monte Carlo,-0.006190601953894807,-0.007760753391705975
