Metric,VaR_95,CVaR_95
Parametric,-0.0061915668466657236,-0.007699985496180737
Historical,-0.0055035006223876914,-0.008451321592731738
Monte Carlo,-0.006154234185410742,-0.007667971772393764
