Metric,VaR_95,CVaR_95
Parametric,-0.005360982896635017,-0.006713769089080304
Historical,-0.004642333019648448,-0.0077596395385650385
Monte Carlo,-0.005371259042958204,-0.006673553055322265
