Metric,VaR_95,CVaR_95
Parametric,-0.005993789862913932,-0.007473900728508172
Historical,-0.004930288780657488,-0.00856293945976629
Monte Carlo,-0.006009319886961962,-0.007708374179975334
