Metric,VaR_95,CVaR_95
Parametric,-0.007828035688651898,-0.009807972450074533
Historical,-0.004708709531908717,-0.008552552755575022
Monte Carlo,-0.00786695765813881,-0.009867592321850558
