Metric,VaR_95,CVaR_95
Parametric,-0.005355479043158829,-0.006670268918090569
Historical,-0.005349239446005516,-0.008343259103660827
Monte Carlo,-0.005501815564443284,-0.00681208864289439
