Metric,VaR_95,CVaR_95
Parametric,-0.006052396073774298,-0.007557117468129984
Historical,-0.005349239446005516,-0.008240762951992877
Monte Carlo,-0.006147271493317737,-0.007557312988060701
