Metric,VaR_95,CVaR_95
Parametric,-0.0055099503908974745,-0.006870723394671825
Historical,-0.004677101494420466,-0.00793834587404229
Monte Carlo,-0.005440752366881209,-0.006894059613905583
