Metric,VaR_95,CVaR_95
Parametric,-0.005737021156361393,-0.007141197080476783
Historical,-0.004798127134661434,-0.008139144945922954
Monte Carlo,-0.00580111901324214,-0.007254135316585414
