Metric,VaR_95,CVaR_95
Parametric,-0.003023477213158187,-0.0037612565163760154
Historical,-0.0034178497009758058,-0.004272413966005158
Monte Carlo,-0.0030740279944266604,-0.003801190627216481
