Metric,VaR_95,CVaR_95
Parametric,-0.0012101378434019158,-0.0015530248692448706
Historical,-0.0009555700335516226,-0.0009555700335516226
Monte Carlo,-0.0012188982690406309,-0.0015661780871209995
