Metric,VaR_95,CVaR_95
Parametric,-0.0030216430750670915,-0.0037668128164806344
Historical,-0.0030012672401238394,-0.004753782526650929
Monte Carlo,-0.00304603762811977,-0.003839987025144649
