Metric,VaR_95,CVaR_95
Parametric,-0.004187172892849659,-0.005193224355917432
Historical,-0.004868434062320848,-0.007214971897819264
Monte Carlo,-0.004154395603987085,-0.0051327155047250165
