Metric,VaR_95,CVaR_95
Parametric,-0.007886195443730221,-0.009870299943216546
Historical,-0.004798127134661434,-0.008935589107891533
Monte Carlo,-0.007833233406022844,-0.009917651871909103
