Metric,VaR_95,CVaR_95
Parametric,-0.005716721331913869,-0.00712170304101837
Historical,-0.004798127134661434,-0.008236953000203402
Monte Carlo,-0.005665579911989352,-0.0070210576597338845
