Metric,VaR_95,CVaR_95
Parametric,-0.005476302748508413,-0.006858492421250877
Historical,-0.004642333019648448,-0.007847755752386129
Monte Carlo,-0.005537787769682075,-0.006940331492168206
