Metric,VaR_95,CVaR_95
Parametric,-0.006296912521377107,-0.007922718115979959
Historical,-0.0058685311533672735,-0.008666554129345444
Monte Carlo,-0.0062657006613112305,-0.00782426723034824
