Metric,VaR_95,CVaR_95
Parametric,-0.005627499049505633,-0.0070163648748510655
Historical,-0.004677101494420466,-0.00803333517822269
Monte Carlo,-0.005668060028471212,-0.007177077482497767
