Metric,VaR_95,CVaR_95
Parametric,-0.005641892020879998,-0.007010228484631478
Historical,-0.004677101494420466,-0.00803333517822269
Monte Carlo,-0.005533952775204182,-0.006852366545364753
