Metric,VaR_95,CVaR_95
Parametric,-0.005641332824973103,-0.007031692496234528
Historical,-0.004752772918401149,-0.00813274615579304
Monte Carlo,-0.0056451910479576005,-0.0069533252082341485
