Metric,VaR_95,CVaR_95
Parametric,-0.0057921429848402615,-0.007228126725498255
Historical,-0.004798127134661434,-0.00825542047039072
Monte Carlo,-0.005750627723248034,-0.007104491640353827
