Metric,VaR_95,CVaR_95
Parametric,-0.00578852883237382,-0.007228677302943589
Historical,-0.005061640527411981,-0.007814965604170995
Monte Carlo,-0.005814393140422893,-0.007245184903515852
