Metric,VaR_95,CVaR_95
Parametric,-0.0057187706779658586,-0.0071406660752153855
Historical,-0.004798127134661434,-0.008101509248076892
Monte Carlo,-0.005732147922692275,-0.007121973347707577
