Metric,VaR_95,CVaR_95
Parametric,-0.00782298145342819,-0.00980011464167032
Historical,-0.004701994201601667,-0.008388596586453597
Monte Carlo,-0.007837420680084362,-0.00980006082687481
