Metric,VaR_95,CVaR_95
Parametric,-0.005600586658412323,-0.006985837913468697
Historical,-0.004677101494420466,-0.00803333517822269
Monte Carlo,-0.005611514548439239,-0.006943310212201018
