Metric,VaR_95,CVaR_95
Parametric,-0.005846082686921865,-0.007280337437224276
Historical,-0.004868434062320848,-0.008380864411430345
Monte Carlo,-0.005797304010130661,-0.007195217931606171
