Metric,VaR_95,CVaR_95
Parametric,-0.0054182945852106435,-0.006736474368509766
Historical,-0.005349239446005516,-0.008343259103660827
Monte Carlo,-0.005382802812158202,-0.00670902336895629
