Metric,VaR_95,CVaR_95
Parametric,-0.005800867241812706,-0.007264726849997167
Historical,-0.004798127134661434,-0.0082915633087828
Monte Carlo,-0.00577906454650365,-0.007280048589216703
