Metric,VaR_95,CVaR_95
Parametric,-0.006204619045187031,-0.007718989023638034
Historical,-0.004960482178905101,-0.008868852390666532
Monte Carlo,-0.006164477841011884,-0.007773889560224811
