Metric,VaR_95,CVaR_95
Parametric,-0.0059380501425579215,-0.007390918608514244
Historical,-0.004930288780657488,-0.00856293945976629
Monte Carlo,-0.005989985280267679,-0.00739675973489368
