Metric,VaR_95,CVaR_95
Parametric,-0.005502895041658221,-0.006879022778483733
Historical,-0.004677101494420466,-0.008070929875476907
Monte Carlo,-0.0056367687669191995,-0.006923288714198286
