Metric,VaR_95,CVaR_95
Parametric,-0.0056805447129607434,-0.007094165309143748
Historical,-0.004798127134661434,-0.008101509248076892
Monte Carlo,-0.005555354763924181,-0.006865783465651571
