Metric,VaR_95,CVaR_95
Parametric,-0.005574434233068583,-0.006968910074956232
Historical,-0.004677101494420466,-0.00803333517822269
Monte Carlo,-0.005743311803551268,-0.007166828686861911
