Metric,VaR_95,CVaR_95
Parametric,-0.0025343532677238882,-0.0031858049763809253
Historical,-0.001160058545528475,-0.003874870448249801
Monte Carlo,-0.0025522038790883276,-0.003223923976131475
