Metric,VaR_95,CVaR_95
Parametric,-0.003054416096344828,-0.003801266404043985
Historical,-0.0030012672401238394,-0.004753782526650929
Monte Carlo,-0.003044683010961635,-0.0037804980122128603
