Metric,VaR_95,CVaR_95
Parametric,-0.005845396847852833,-0.007267083760038188
Historical,-0.004868434062320848,-0.008380864411430345
Monte Carlo,-0.005777434035206957,-0.007230953605034249
