Metric,VaR_95,CVaR_95
Parametric,-0.005464500113548802,-0.006813385849206966
Historical,-0.004642333019648448,-0.007918435019608445
Monte Carlo,-0.005443688894397491,-0.0067758043371229475
