Metric,VaR_95,CVaR_95
Parametric,-0.00567808368689194,-0.007100616783274248
Historical,-0.004798127134661434,-0.008101509248076892
Monte Carlo,-0.0055811642442653115,-0.006990350474240517
