Metric,VaR_95,CVaR_95
Parametric,-0.005518763431256962,-0.006828714125844401
Historical,-0.004677101494420466,-0.007964761948169884
Monte Carlo,-0.005464532142142375,-0.006899389079265692
