Metric,VaR_95,CVaR_95
Parametric,-0.006074031495975405,-0.007533403515526709
Historical,-0.0055035006223876914,-0.008133445013500913
Monte Carlo,-0.006046518352747321,-0.007554129791770096
