Metric,VaR_95,CVaR_95
Parametric,-0.005499772034359268,-0.006858818307049727
Historical,-0.004677101494420466,-0.00804633114183409
Monte Carlo,-0.005447348452079246,-0.0068384409159662415
