Metric,VaR_95,CVaR_95
Parametric,-0.006289951303291985,-0.0078121307635401396
Historical,-0.004960482178905101,-0.008868852390666532
Monte Carlo,-0.00634772032349189,-0.007873064221842606
