Metric,VaR_95,CVaR_95
Parametric,-0.006176329332245925,-0.007682861875443603
Historical,-0.0055035006223876914,-0.008451321592731738
Monte Carlo,-0.006122701276445532,-0.007578767179032593
