Metric,VaR_95,CVaR_95
Parametric,-0.005429582045596003,-0.006727423995949216
Historical,-0.004677101494420466,-0.007831326469824214
Monte Carlo,-0.005418436561010992,-0.006762406580442924
