Metric,VaR_95,CVaR_95
Parametric,-0.0062253203623263255,-0.007813477398161756
Historical,-0.005061640527411981,-0.008071075498419435
Monte Carlo,-0.006284582059645957,-0.0077532770041684575
