Metric,VaR_95,CVaR_95
Parametric,-0.006455876820183523,-0.007973113439501826
Historical,-0.0058685311533672735,-0.008666554129345444
Monte Carlo,-0.006342039976265695,-0.007936941120261335
