Metric,VaR_95,CVaR_95
Parametric,-0.002958955982943462,-0.003691120732720269
Historical,-0.0030012672401238394,-0.004753782526650929
Monte Carlo,-0.0029328565758033735,-0.0037458592021522995
