Metric,VaR_95,CVaR_95
Parametric,-0.006040481383417078,-0.007518079740335532
Historical,-0.004960482178905101,-0.008713041846468839
Monte Carlo,-0.006057367063099526,-0.007465543878631823
