Metric,VaR_95,CVaR_95
Parametric,-0.005888398180211863,-0.007400809549779303
Historical,-0.005349239446005516,-0.007969073489056337
Monte Carlo,-0.005879286038394986,-0.007263521124903456
