Metric,VaR_95,CVaR_95
Parametric,-0.0022010281107903034,-0.0027283188114712335
Historical,-0.002400501450494086,-0.005349239446005516
Monte Carlo,-0.0022760586174609717,-0.0028155498449764864
