Metric,VaR_95,CVaR_95
Parametric,-0.004333950353877076,-0.005394542708216022
Historical,-0.004960482178905101,-0.007305892331790366
Monte Carlo,-0.004361363943094292,-0.005442412659759833
