Metric,VaR_95,CVaR_95
Parametric,-0.005668892815446025,-0.007053804408752097
Historical,-0.004752772918401149,-0.00813274615579304
Monte Carlo,-0.005762353292496864,-0.007125991331264828
