Metric,VaR_95,CVaR_95
Parametric,-0.006348042922183036,-0.00794003423632391
Historical,-0.0058685311533672735,-0.008666554129345444
Monte Carlo,-0.006462285555099044,-0.00805705662300343
