Metric,VaR_95,CVaR_95
Parametric,-0.005431411999154051,-0.00679838101115408
Historical,-0.004553194613747591,-0.00776112270555538
Monte Carlo,-0.0054708427024459565,-0.006895092953714869
