Metric,VaR_95,CVaR_95
Parametric,-0.0057937320878772335,-0.007185848346447714
Historical,-0.004798127134661434,-0.00825542047039072
Monte Carlo,-0.005770491303739556,-0.007179724052107794
