Metric,VaR_95,CVaR_95
Parametric,-0.005320829274239113,-0.006595690047193444
Historical,-0.005061640527411981,-0.008274696636020217
Monte Carlo,-0.0052780842774248615,-0.00660399622376311
