Metric,VaR_95,CVaR_95
Parametric,-0.0030418258196522924,-0.0037590734747078424
Historical,-0.0034178497009758058,-0.004272413966005158
Monte Carlo,-0.0030507971181215664,-0.003784344227926835
