Metric,VaR_95,CVaR_95
Parametric,-0.0028964745549039505,-0.003630450046447027
Historical,-0.002400501450494086,-0.004531249142749272
Monte Carlo,-0.0028651661440871716,-0.0035785197651983336
