Metric,VaR_95,CVaR_95
Parametric,-0.004318576780999216,-0.00535292798899843
Historical,-0.004960482178905101,-0.007081467151352527
Monte Carlo,-0.004391166831866546,-0.005389693280595134
