Metric,VaR_95,CVaR_95
Parametric,-0.00565673022458551,-0.007065383483735981
Historical,-0.004752772918401149,-0.00813274615579304
Monte Carlo,-0.005760434299529463,-0.0071725298941306215
