Metric,VaR_95,CVaR_95
Parametric,-0.0032161470550057716,-0.003995608189533943
Historical,-0.0034178497009758058,-0.0050591028491522305
Monte Carlo,-0.0032334828452580972,-0.0040164436586828675
