Metric,VaR_95,CVaR_95
Parametric,-0.00306907390195054,-0.0038315808787185712
Historical,-0.0030012672401238394,-0.004730852219516945
Monte Carlo,-0.0031165942751283913,-0.003846540047108235
