Metric,VaR_95,CVaR_95
Parametric,-0.006044305745652902,-0.00750880353042632
Historical,-0.0055035006223876914,-0.008133445013500913
Monte Carlo,-0.006015598195147168,-0.007551226519044318
