Metric,VaR_95,CVaR_95
Parametric,-0.005970314476100881,-0.0074255026381651445
Historical,-0.005349239446005516,-0.007969073489056337
Monte Carlo,-0.005966999429379014,-0.007446614239570794
