Metric,VaR_95,CVaR_95
Parametric,-0.006142355634469377,-0.007644198962122407
Historical,-0.005546932642149338,-0.008318195897168883
Monte Carlo,-0.0060801278983308475,-0.007603964726845622
