Metric,VaR_95,CVaR_95
Parametric,-0.004058448387747885,-0.0050062864427537
Historical,-0.004868434062320848,-0.007195035281384273
Monte Carlo,-0.004053050863276332,-0.004979420846154927
