Metric,VaR_95,CVaR_95
Parametric,-0.004678610935699937,-0.005852361140272578
Historical,-0.004960482178905101,-0.007081467151352527
Monte Carlo,-0.004573860982574384,-0.005761894526173706
