Metric,VaR_95,CVaR_95
Parametric,-0.005710805007846742,-0.007142700932479363
Historical,-0.004752772918401149,-0.008136203458813848
Monte Carlo,-0.005619660253041704,-0.007064863516962936
