Metric,VaR_95,CVaR_95
Parametric,-0.003016821897905814,-0.003753018828008646
Historical,-0.0030012672401238394,-0.004753782526650929
Monte Carlo,-0.002989555220584477,-0.003778452018077054
