Metric,VaR_95,CVaR_95
Parametric,-0.006228733427926539,-0.007739966824239774
Historical,-0.0055035006223876914,-0.008451321592731738
Monte Carlo,-0.006178597336138955,-0.007600451096376509
