Metric,VaR_95,CVaR_95
Parametric,-0.005382715475780722,-0.006721522836250847
Historical,-0.005349239446005516,-0.008343259103660827
Monte Carlo,-0.005438775968022244,-0.0067241728648492535
