Metric,VaR_95,CVaR_95
Parametric,-0.006315510040484198,-0.007902454801059668
Historical,-0.0058685311533672735,-0.008666554129345444
Monte Carlo,-0.0063362992083901325,-0.007934310881551545
