Metric,VaR_95,CVaR_95
Parametric,-0.002837483726138954,-0.00354392703701761
Historical,-0.0034178497009758058,-0.004531249142749272
Monte Carlo,-0.002880229419860664,-0.003565055459810002
