Metric,VaR_95,CVaR_95
Parametric,-0.0043348166245085265,-0.0053958316623054624
Historical,-0.004960482178905101,-0.007305892331790366
Monte Carlo,-0.004411690494872785,-0.0053629360135700604
