Metric,VaR_95,CVaR_95
Parametric,-0.005925747485724024,-0.007380114814382767
Historical,-0.004930288780657488,-0.00856293945976629
Monte Carlo,-0.006008889541835828,-0.007496221868295654
