Metric,VaR_95,CVaR_95
Parametric,-0.004238075453413878,-0.0052661724487301125
Historical,-0.004960482178905101,-0.007467846635807143
Monte Carlo,-0.004249022011700654,-0.005230783860939942
