Metric,VaR_95,CVaR_95
Parametric,-0.005911122658671903,-0.007364840385125214
Historical,-0.004868434062320848,-0.008423222125954413
Monte Carlo,-0.0061510777801390545,-0.00760969108529784
