Metric,VaR_95,CVaR_95
Parametric,-0.0062797323124506085,-0.007816651472682252
Historical,-0.0055035006223876914,-0.008451321592731738
Monte Carlo,-0.006333023562062407,-0.007879189288031295
