Metric,VaR_95,CVaR_95
Parametric,-0.006439688583594641,-0.008035028816902696
Historical,-0.005061640527411981,-0.009291616075307204
Monte Carlo,-0.006458240507651598,-0.00798053875568583
