Metric,VaR_95,CVaR_95
Parametric,-0.005688624994597434,-0.00714394917240374
Historical,-0.004752772918401149,-0.008136203458813848
Monte Carlo,-0.005888433729363204,-0.007329455279309544
