Metric,VaR_95,CVaR_95
Parametric,-0.005844458125697973,-0.007268171735052843
Historical,-0.004798127134661434,-0.0082915633087828
Monte Carlo,-0.00592486912678729,-0.0073222990061761984
