Metric,VaR_95,CVaR_95
Parametric,-0.006194467744580351,-0.007725613868783042
Historical,-0.0055035006223876914,-0.008451321592731738
Monte Carlo,-0.0061041858376935714,-0.0076840024677355305
