Metric,VaR_95,CVaR_95
Parametric,-0.005517496357129352,-0.006873194093172892
Historical,-0.004677101494420466,-0.00804633114183409
Monte Carlo,-0.005436842368927069,-0.006748898316529356
