Metric,VaR_95,CVaR_95
Parametric,-0.005671700040940356,-0.007129209653618013
Historical,-0.004798127134661434,-0.008101509248076892
Monte Carlo,-0.005691219065724035,-0.007128037567224922
