Metric,VaR_95,CVaR_95
Parametric,-0.003039306990146199,-0.003753456204473855
Historical,-0.0034178497009758058,-0.004272413966005158
Monte Carlo,-0.002998246579589201,-0.003706180418236641
