Metric,VaR_95,CVaR_95
Parametric,-0.0055842187536301125,-0.006926038857311382
Historical,-0.004677101494420466,-0.00793834587404229
Monte Carlo,-0.005519750574565591,-0.0070079304866879286
