Metric,VaR_95,CVaR_95
Parametric,-0.0030331521191409357,-0.0037731299501963505
Historical,-0.0030012672401238394,-0.004730852219516945
Monte Carlo,-0.0030253116244852453,-0.0037816370045926366
