Metric,VaR_95,CVaR_95
Parametric,-0.003074783503734877,-0.0038391311310292803
Historical,-0.0034178497009758058,-0.004272413966005158
Monte Carlo,-0.003097738990133568,-0.0038493504760242995
