Metric,VaR_95,CVaR_95
Parametric,-0.00583850973184781,-0.007311994669765852
Historical,-0.005061640527411981,-0.007814965604170995
Monte Carlo,-0.0058658643421888495,-0.0073205194322721314
