Metric,VaR_95,CVaR_95
Parametric,-0.006470834570760574,-0.008020977955672049
Historical,-0.005349239446005516,-0.009235193631062311
Monte Carlo,-0.006396341876046288,-0.007849960384805314
