Metric,VaR_95,CVaR_95
Parametric,-0.005343866244056936,-0.006697627482817163
Historical,-0.004642333019648448,-0.0077596395385650385
Monte Carlo,-0.0054025009634909695,-0.0067450932325686195
