Metric,VaR_95,CVaR_95
Parametric,-0.005440078074227404,-0.006782288590008133
Historical,-0.004553194613747591,-0.00776112270555538
Monte Carlo,-0.005452552437973768,-0.0068021918259101605
