Metric,VaR_95,CVaR_95
Parametric,-0.0056649389477776224,-0.0070460455087643994
Historical,-0.004752772918401149,-0.00813274615579304
Monte Carlo,-0.005595236388217411,-0.006973080333069575
