Metric,VaR_95,CVaR_95
Parametric,-0.0060680513552586555,-0.007547777782996953
Historical,-0.004960482178905101,-0.008713041846468839
Monte Carlo,-0.00596369408283591,-0.007371858886467416
