Metric,VaR_95,CVaR_95
Parametric,-0.006121138453739204,-0.007613758666951277
Historical,-0.0055035006223876914,-0.008451321592731738
Monte Carlo,-0.006119603597466683,-0.007646613088995749
