Metric,VaR_95,CVaR_95
Parametric,-0.007989697381148363,-0.009922665653998708
Historical,-0.004798127134661434,-0.009016487006242017
Monte Carlo,-0.007818216820461113,-0.00987233896349225
