Metric,VaR_95,CVaR_95
Parametric,-0.00547092162793759,-0.00682823188742878
Historical,-0.004553194613747591,-0.00776112270555538
Monte Carlo,-0.005454156442047387,-0.006800228586470501
