Metric,VaR_95,CVaR_95
Parametric,-0.0030985893340243972,-0.0038598883058704233
Historical,-0.0028384321419705483,-0.004730852219516945
Monte Carlo,-0.003146435507913534,-0.003934284001539326
