Metric,VaR_95,CVaR_95
Parametric,-0.0056193668892413305,-0.00701414987020791
Historical,-0.004752772918401149,-0.00813274615579304
Monte Carlo,-0.005639263094424082,-0.007062139333471053
