Metric,VaR_95,CVaR_95
Parametric,-0.005520694194073991,-0.0068820434573859815
Historical,-0.004677101494420466,-0.00804633114183409
Monte Carlo,-0.005562786959947078,-0.006905580109258926
