Metric,VaR_95,CVaR_95
Parametric,-0.005730498804961896,-0.007107756336644289
Historical,-0.004798127134661434,-0.008139144945922954
Monte Carlo,-0.005652635527421503,-0.007175299801717719
