Metric,VaR_95,CVaR_95
Parametric,-0.00434090386469193,-0.005404296572680211
Historical,-0.005061640527411981,-0.007305892331790366
Monte Carlo,-0.004384289131207671,-0.005432059747898517
