Metric,VaR_95,CVaR_95
Parametric,-0.006135085828673086,-0.00763622663283891
Historical,-0.004960482178905101,-0.008713507059064712
Monte Carlo,-0.006077886668149499,-0.007554580122832068
