Metric,VaR_95,CVaR_95
Parametric,-0.0031462613725785227,-0.0039473345512418415
Historical,-0.0034178497009758058,-0.0050591028491522305
Monte Carlo,-0.0031614972658330375,-0.0039351229858108384
