Metric,VaR_95,CVaR_95
Parametric,-0.007833878595055153,-0.00981278781516187
Historical,-0.004701994201601667,-0.008424082486265262
Monte Carlo,-0.007671320120206275,-0.009715562059557521
