Metric,VaR_95,CVaR_95
Parametric,-0.002951780129724716,-0.003692838783285128
Historical,-0.0030012672401238394,-0.004753782526650929
Monte Carlo,-0.002922598793196984,-0.003674871153279345
