Metric,VaR_95,CVaR_95
Parametric,-0.006544517918983487,-0.008091813264228023
Historical,-0.005061640527411981,-0.009291616075307204
Monte Carlo,-0.006549918721563323,-0.008102274483498808
