Metric,VaR_95,CVaR_95
Parametric,-0.005923702318254841,-0.00735823698271103
Historical,-0.004868434062320848,-0.008423222125954413
Monte Carlo,-0.005805321300111753,-0.007358770406113419
