Metric,VaR_95,CVaR_95
Parametric,-0.006413091561838848,-0.008014329802333802
Historical,-0.005061640527411981,-0.009102017779446876
Monte Carlo,-0.006378028055247021,-0.007914633928576019
