Metric,VaR_95,CVaR_95
Parametric,-0.005410235474808171,-0.006765340367302152
Historical,-0.005349239446005516,-0.008343259103660827
Monte Carlo,-0.005522105874476934,-0.006860906374147429
