Metric,VaR_95,CVaR_95
Parametric,-0.005524765899742777,-0.00686389203779514
Historical,-0.004642333019648448,-0.007847755752386129
Monte Carlo,-0.0055348387021394935,-0.006813284584568786
