Metric,VaR_95,CVaR_95
Parametric,-0.006026277330914957,-0.007539753860767715
Historical,-0.0055035006223876914,-0.008133445013500913
Monte Carlo,-0.006052491571226077,-0.007472364253268431
