Metric,VaR_95,CVaR_95
Parametric,-0.00650747552452026,-0.008121728929036193
Historical,-0.005912725556859844,-0.00891690218138959
Monte Carlo,-0.006506503353498582,-0.008128891400979974
