Metric,VaR_95,CVaR_95
Parametric,-0.005632874218629335,-0.006994533472694193
Historical,-0.004677101494420466,-0.00803333517822269
Monte Carlo,-0.005589412975455979,-0.006998648571585836
