Metric,VaR_95,CVaR_95
Parametric,-0.005979412196739047,-0.007519889835988467
Historical,-0.0055035006223876914,-0.008133445013500913
Monte Carlo,-0.006175187457822552,-0.007672437731361849
