Metric,VaR_95,CVaR_95
Parametric,-0.0060679707085417,-0.007565781793709703
Historical,-0.004930288780657488,-0.008557131022391395
Monte Carlo,-0.006075671992643034,-0.007539267023081464
