Metric,VaR_95,CVaR_95
Parametric,-0.002838749087926999,-0.0035417645934079246
Historical,-0.002400501450494086,-0.004531249142749272
Monte Carlo,-0.0028100430626751076,-0.0034877535311144546
