Metric,VaR_95,CVaR_95
Parametric,-0.005524705749544202,-0.0068816359895634786
Historical,-0.004677101494420466,-0.00804633114183409
Monte Carlo,-0.005547362181763233,-0.006905869786749479
