Metric,VaR_95,CVaR_95
Parametric,-0.006285997268248496,-0.007790110711984374
Historical,-0.004960482178905101,-0.008868852390666532
Monte Carlo,-0.006284331260233884,-0.007829773055636926
