Metric,VaR_95,CVaR_95
Parametric,-0.006060391885722505,-0.007593918822777899
Historical,-0.004960482178905101,-0.008713507059064712
Monte Carlo,-0.00615331757206183,-0.00764873136152073
