Metric,VaR_95,CVaR_95
Parametric,-0.005845403671233107,-0.007355998768104073
Historical,-0.005349239446005516,-0.007969073489056337
Monte Carlo,-0.0057540125346424355,-0.007318168839263896
