Metric,VaR_95,CVaR_95
Parametric,-0.005470658765391888,-0.006841709409269714
Historical,-0.004642333019648448,-0.007918435019608445
Monte Carlo,-0.005436285162167146,-0.0068349370425496644
