Metric,VaR_95,CVaR_95
Parametric,-0.005441247098764444,-0.006835460323173354
Historical,-0.004642333019648448,-0.007964154808970343
Monte Carlo,-0.00543425368592088,-0.006879312957923173
