Metric,VaR_95,CVaR_95
Parametric,-0.005409707497842375,-0.006788041642186557
Historical,-0.004553194613747591,-0.00776112270555538
Monte Carlo,-0.0054662586336661195,-0.006683447238762978
