Metric,VaR_95,CVaR_95
Parametric,-0.0011606117217319565,-0.0014606109569432675
Historical,-0.0009555700335516226,-0.0011092402825533254
Monte Carlo,-0.0012041940376132287,-0.0015047642201000307
