Metric,VaR_95,CVaR_95
Parametric,-0.006172673945870807,-0.007690170022889325
Historical,-0.004960482178905101,-0.008713507059064712
Monte Carlo,-0.006139123440543088,-0.007751031272016519
