Metric,VaR_95,CVaR_95
Parametric,-0.007828744217915164,-0.009803045111257923
Historical,-0.004708709531908717,-0.008527865142362881
Monte Carlo,-0.007751849750464801,-0.009766492080205262
