Metric,VaR_95,CVaR_95
Parametric,-0.006303633018442848,-0.007859785861110403
Historical,-0.0058685311533672735,-0.008666554129345444
Monte Carlo,-0.006304269145152926,-0.007908446999917041
