Metric,VaR_95,CVaR_95
Parametric,-0.005513695300977469,-0.00686355420681731
Historical,-0.004677101494420466,-0.00804633114183409
Monte Carlo,-0.005482623831810479,-0.006729906401060152
