Metric,VaR_95,CVaR_95
Parametric,-0.005486478876891148,-0.006846771880909575
Historical,-0.004642333019648448,-0.007989291126314626
Monte Carlo,-0.005442648186691544,-0.006769243969595221
