Metric,VaR_95,CVaR_95
Parametric,-0.005519006400948402,-0.006843088478964408
Historical,-0.004642333019648448,-0.007964154808970343
Monte Carlo,-0.005549384155666273,-0.00678326696319594
