Metric,VaR_95,CVaR_95
Parametric,-0.007918768454418381,-0.009883430192311037
Historical,-0.004752772918401149,-0.00881427821275862
Monte Carlo,-0.0077446186515983464,-0.009640965238863243
