Metric,VaR_95,CVaR_95
Parametric,-0.006046335668516579,-0.007507036925457237
Historical,-0.0055035006223876914,-0.008133445013500913
Monte Carlo,-0.0061411217995597745,-0.007637180490086117
