Metric,VaR_95,CVaR_95
Parametric,-0.0030685399571394965,-0.003820831626969191
Historical,-0.0030012672401238394,-0.004730852219516945
Monte Carlo,-0.0030909352396422335,-0.003853128792299361
