Metric,VaR_95,CVaR_95
Parametric,-0.005715659943459265,-0.00712044333255882
Historical,-0.004752772918401149,-0.00821680965072048
Monte Carlo,-0.00574378886361639,-0.007127761559533027
