Metric,VaR_95,CVaR_95
Parametric,-0.007840292336736599,-0.009783620507116992
Historical,-0.004701994201601667,-0.008388596586453597
Monte Carlo,-0.007686468905833561,-0.00966244802162185
