Metric,VaR_95,CVaR_95
Parametric,-0.005639475430585537,-0.007035673232898149
Historical,-0.004752772918401149,-0.00799494853474091
Monte Carlo,-0.005532297091970595,-0.006890448073099284
