Metric,VaR_95,CVaR_95
Parametric,-0.00781698279635386,-0.009825595908643465
Historical,-0.004701994201601667,-0.008424082486265262
Monte Carlo,-0.007990578392528636,-0.009966133081071952
