Metric,VaR_95,CVaR_95
Parametric,-0.00795284372054935,-0.009890293637446293
Historical,-0.0047899502416418605,-0.008909503921806387
Monte Carlo,-0.007906222077897545,-0.009977385123574517
