Metric,VaR_95,CVaR_95
Parametric,-0.0029344538326154194,-0.003688224687202025
Historical,-0.0034178497009758058,-0.004272413966005158
Monte Carlo,-0.003037282669764985,-0.0037807204787255505
