Metric,VaR_95,CVaR_95
Parametric,-0.0060075566215726265,-0.00744719959382655
Historical,-0.004930288780657488,-0.00856293945976629
Monte Carlo,-0.006126862209181681,-0.007593145139671804
