Metric,VaR_95,CVaR_95
Parametric,-0.00543136811419641,-0.006788361537815174
Historical,-0.004677101494420466,-0.00788917119325255
Monte Carlo,-0.00544053218811403,-0.006791847860697386
