Metric,VaR_95,CVaR_95
Parametric,-0.0059250588374914395,-0.007372242249561587
Historical,-0.004868434062320848,-0.008423222125954413
Monte Carlo,-0.005876853685316461,-0.00723198454943332
