Metric,VaR_95,CVaR_95
Parametric,-0.003264814468264071,-0.0040792251831306
Historical,-0.0034178497009758058,-0.0050591028491522305
Monte Carlo,-0.0032910180654965463,-0.004053882828800006
