Metric,VaR_95,CVaR_95
Parametric,-0.005675755590553401,-0.007097156883326905
Historical,-0.004752772918401149,-0.00821680965072048
Monte Carlo,-0.005733154385743617,-0.00717262151676313
