Metric,VaR_95,CVaR_95
Parametric,-0.004226676565674003,-0.0052570892161888216
Historical,-0.004960482178905101,-0.007467846635807143
Monte Carlo,-0.004293500839699371,-0.005309630152088007
