Metric,VaR_95,CVaR_95
Parametric,-0.00602704766874344,-0.0074772450717449064
Historical,-0.004930288780657488,-0.00856293945976629
Monte Carlo,-0.00596032060865768,-0.007333117619595315
