Metric,VaR_95,CVaR_95
Parametric,-0.0063699186384086545,-0.007878261239675484
Historical,-0.0058685311533672735,-0.008666554129345444
Monte Carlo,-0.006325072909569948,-0.007908636031543485
