Metric,VaR_95,CVaR_95
Parametric,-0.006039284662160209,-0.0075484419686931885
Historical,-0.0055035006223876914,-0.008133445013500913
Monte Carlo,-0.006168806736855639,-0.0075564236715284245
