Metric,VaR_95,CVaR_95
Parametric,-0.006175070314536232,-0.007654091119650628
Historical,-0.004960482178905101,-0.008713507059064712
Monte Carlo,-0.006165575327346585,-0.007698296146260165
