Metric,VaR_95,CVaR_95
Parametric,-0.004384435001708683,-0.005432555425122788
Historical,-0.005061640527411981,-0.007305892331790366
Monte Carlo,-0.0045078647905253885,-0.005515403277680921
