Metric,VaR_95,CVaR_95
Parametric,-0.005647695373169593,-0.007060033135820435
Historical,-0.004752772918401149,-0.00813274615579304
Monte Carlo,-0.0056733710494609865,-0.0071064996967823025
