Metric,VaR_95,CVaR_95
Parametric,-0.004560782916688195,-0.00567281964000954
Historical,-0.004960482178905101,-0.007081467151352527
Monte Carlo,-0.0046076701061325805,-0.00566970935043568
