Metric,VaR_95,CVaR_95
Parametric,-0.005503455811053333,-0.006869145003274925
Historical,-0.004677101494420466,-0.00793834587404229
Monte Carlo,-0.005523035661873824,-0.0068947492734282075
