Metric,VaR_95,CVaR_95
Parametric,-0.007814779844015454,-0.009779304868040444
Historical,-0.004701994201601667,-0.008388596586453597
Monte Carlo,-0.007643358412323174,-0.009719315712729082
