Metric,VaR_95,CVaR_95
Parametric,-0.005827741801106732,-0.007237724741544789
Historical,-0.004798127134661434,-0.00825542047039072
Monte Carlo,-0.005777871332793265,-0.007079231076670796
