Metric,VaR_95,CVaR_95
Parametric,-0.0054950886141886,-0.00682294480600529
Historical,-0.004553194613747591,-0.007837786575062738
Monte Carlo,-0.005586010267684924,-0.006902280305162997
