Metric,VaR_95,CVaR_95
Parametric,-0.007859003690129563,-0.009826057676898248
Historical,-0.004708709531908717,-0.008552552755575022
Monte Carlo,-0.007807364993250159,-0.009901248193158761
