Metric,VaR_95,CVaR_95
Parametric,-0.005508432287684198,-0.006865267307945446
Historical,-0.004677101494420466,-0.00804633114183409
Monte Carlo,-0.005586991511224254,-0.006990974564432878
