Metric,VaR_95,CVaR_95
Parametric,-0.005507811537784666,-0.00683524143353682
Historical,-0.004701994201601667,-0.007966907217439157
Monte Carlo,-0.005531530925659958,-0.006865092379788549
