Metric,VaR_95,CVaR_95
Parametric,-0.00787894673300921,-0.009866535712254666
Historical,-0.004752772918401149,-0.00881427821275862
Monte Carlo,-0.007738232870463496,-0.009691902346810877
