Metric,VaR_95,CVaR_95
Parametric,-0.0054817295704534886,-0.006840829101715408
Historical,-0.004642333019648448,-0.007918435019608445
Monte Carlo,-0.0054298031642403205,-0.006766542924379504
