Metric,VaR_95,CVaR_95
Parametric,-0.005648763155042178,-0.007019053284569251
Historical,-0.004752772918401149,-0.00813274615579304
Monte Carlo,-0.005527965992854769,-0.006897125675881589
