Metric,VaR_95,CVaR_95
Parametric,-0.00562318734282704,-0.007082801112416723
Historical,-0.004752772918401149,-0.00813274615579304
Monte Carlo,-0.005751549133738031,-0.007081131868702716
