Metric,VaR_95,CVaR_95
Parametric,-0.002901402524486496,-0.0036424715787155533
Historical,-0.0034178497009758058,-0.004531249142749272
Monte Carlo,-0.0028274952467973553,-0.0035585872247721256
