Metric,VaR_95,CVaR_95
Parametric,-0.004095559903202955,-0.005062673198771537
Historical,-0.004868434062320848,-0.007195035281384273
Monte Carlo,-0.004047335232817507,-0.005083222342567123
