Metric,VaR_95,CVaR_95
Parametric,-0.0043576467328755395,-0.0053911363257596115
Historical,-0.005061640527411981,-0.007305892331790366
Monte Carlo,-0.004361620323071033,-0.005393342696701076
