Metric,VaR_95,CVaR_95
Parametric,-0.0029720799751273472,-0.0037268598584539727
Historical,-0.0030012672401238394,-0.004753782526650929
Monte Carlo,-0.0029842769443023456,-0.003718589488643078
