Metric,VaR_95,CVaR_95
Parametric,-0.005701780563849892,-0.00711546787587851
Historical,-0.004798127134661434,-0.008236953000203402
Monte Carlo,-0.005640923361724502,-0.007100328418606145
