Metric,VaR_95,CVaR_95
Parametric,-0.006196462560862909,-0.007728195122852554
Historical,-0.004960482178905101,-0.008868852390666532
Monte Carlo,-0.006142538650596151,-0.00763275220069588
