Metric,VaR_95,CVaR_95
Parametric,-0.00568947583851967,-0.007100039874098291
Historical,-0.004960482178905101,-0.007662003099906605
Monte Carlo,-0.005754556197441388,-0.0072130835843035165
