Metric,VaR_95,CVaR_95
Parametric,-0.00603155366921162,-0.007525388302317001
Historical,-0.0055035006223876914,-0.008133445013500913
Monte Carlo,-0.0060570968309323955,-0.007549364359410772
