Metric,VaR_95,CVaR_95
Parametric,-0.006493467910174752,-0.008071156829616922
Historical,-0.005061640527411981,-0.009291616075307204
Monte Carlo,-0.006324751089532532,-0.007951591726876473
