Metric,VaR_95,CVaR_95
Parametric,-0.0010792603717026668,-0.001363381568624827
Historical,-0.0008971126304817556,-0.0009555700335516226
Monte Carlo,-0.00107748978508325,-0.0013629742151605845
