Metric,VaR_95,CVaR_95
Parametric,-0.005692895241070647,-0.007134353981213949
Historical,-0.004798127134661434,-0.008101509248076892
Monte Carlo,-0.005626916166679574,-0.007089244949017356
