Metric,VaR_95,CVaR_95
Parametric,-0.006072575593028241,-0.007600513970554719
Historical,-0.004960482178905101,-0.008713041846468839
Monte Carlo,-0.0060463422249725,-0.007458459303080426
