Metric,VaR_95,CVaR_95
Parametric,-0.005532761733487882,-0.006930799011173938
Historical,-0.004677101494420466,-0.00793834587404229
Monte Carlo,-0.005436201507458352,-0.006802437293394066
