Metric,VaR_95,CVaR_95
Parametric,-0.006463888316673035,-0.008022584124363845
Historical,-0.005349239446005516,-0.009299532428575367
Monte Carlo,-0.006409308994833124,-0.007978420774693983
