Metric,VaR_95,CVaR_95
Parametric,-0.006184326222122425,-0.007644281834781389
Historical,-0.004960482178905101,-0.008713507059064712
Monte Carlo,-0.006191663896748212,-0.007716568591333234
