Metric,VaR_95,CVaR_95
Parametric,-0.005447803370034113,-0.006794764702301649
Historical,-0.004632567561082324,-0.007834432404224856
Monte Carlo,-0.0054392162012615415,-0.006796139194744334
