Metric,VaR_95,CVaR_95
Parametric,-0.005660868423954917,-0.007021460136850347
Historical,-0.004752772918401149,-0.00799494853474091
Monte Carlo,-0.00569819728942784,-0.007004626740643779
