Metric,VaR_95,CVaR_95
Parametric,-0.006363567752179939,-0.007925480607777159
Historical,-0.005061640527411981,-0.009050148193678654
Monte Carlo,-0.006350463580860053,-0.007857623076416416
