Metric,VaR_95,CVaR_95
Parametric,-0.006506287060875174,-0.008106340182296697
Historical,-0.005912725556859844,-0.00891690218138959
Monte Carlo,-0.0065008209974996845,-0.008056854646724402
