Metric,VaR_95,CVaR_95
Parametric,-0.005444656171697925,-0.006830269419482039
Historical,-0.004701994201601667,-0.007966907217439157
Monte Carlo,-0.005537861258721396,-0.006914744349774159
