Metric,VaR_95,CVaR_95
Parametric,-0.005742554330081512,-0.007159042915537905
Historical,-0.004960482178905101,-0.007662003099906605
Monte Carlo,-0.005730456340769828,-0.007029327964911764
