Metric,VaR_95,CVaR_95
Parametric,-0.003103578856891565,-0.0038544609620967687
Historical,-0.0034178497009758058,-0.005020969091785954
Monte Carlo,-0.0031092309693118545,-0.003854259627121966
