Metric,VaR_95,CVaR_95
Parametric,-0.007917290255938993,-0.00990149709793289
Historical,-0.0047899502416418605,-0.008926734668548814
Monte Carlo,-0.007885294227166044,-0.010025642692959408
