Metric,VaR_95,CVaR_95
Parametric,-0.005582525315546934,-0.006947607342064331
Historical,-0.004677101494420466,-0.00793834587404229
Monte Carlo,-0.005623884470010109,-0.007063756902856708
