Metric,VaR_95,CVaR_95
Parametric,-0.005699329604511053,-0.007111124597387639
Historical,-0.004798127134661434,-0.008101509248076892
Monte Carlo,-0.0057025183801055635,-0.00712537955027921
