Metric,VaR_95,CVaR_95
Parametric,-0.0056453972277838585,-0.007010430001219318
Historical,-0.004677101494420466,-0.00803333517822269
Monte Carlo,-0.005583058020976609,-0.006959956995705273
