Metric,VaR_95,CVaR_95
Parametric,-0.006386326074052369,-0.007956153704721743
Historical,-0.005061640527411981,-0.009102017779446876
Monte Carlo,-0.006331309815243345,-0.007790072913127401
