Metric,VaR_95,CVaR_95
Parametric,-0.005860031960412215,-0.007260450674358512
Historical,-0.004868434062320848,-0.008380864411430345
Monte Carlo,-0.005908618657003479,-0.007334338203070471
