Metric,VaR_95,CVaR_95
Parametric,-0.005524238285769369,-0.006897719478756372
Historical,-0.004708709531908717,-0.008131911183114227
Monte Carlo,-0.005595433404240726,-0.006928291830550192
