Metric,VaR_95,CVaR_95
Parametric,-0.005402739162938641,-0.006741791337001252
Historical,-0.004677101494420466,-0.007831326469824214
Monte Carlo,-0.005418109929013105,-0.006713831513494242
