Metric,VaR_95,CVaR_95
Parametric,-0.00553108918108727,-0.0068657878895737046
Historical,-0.004677101494420466,-0.00804633114183409
Monte Carlo,-0.0054850940164231365,-0.006829944546515272
