Metric,VaR_95,CVaR_95
Parametric,-0.006570360515269066,-0.008138364771099839
Historical,-0.005349239446005516,-0.009510636999157298
Monte Carlo,-0.006481448044452281,-0.008111550639743299
