Metric,VaR_95,CVaR_95
Parametric,-0.0061399661083241745,-0.007602943548109319
Historical,-0.004960482178905101,-0.008713507059064712
Monte Carlo,-0.006010047300729815,-0.007492334152628812
