Metric,VaR_95,CVaR_95
Parametric,-0.00569536613731579,-0.007111535949652245
Historical,-0.004752772918401149,-0.00821680965072048
Monte Carlo,-0.005787580399272068,-0.007140060061292686
