Metric,VaR_95,CVaR_95
Parametric,-0.004197562488930075,-0.005217539887380482
Historical,-0.004868434062320848,-0.007214971897819264
Monte Carlo,-0.004141595920097022,-0.00512934652069427
