Metric,VaR_95,CVaR_95
Parametric,-0.0061995448552115626,-0.0077559116364634756
Historical,-0.0055035006223876914,-0.008451321592731738
Monte Carlo,-0.006157251501032604,-0.007641966846873403
