Metric,VaR_95,CVaR_95
Parametric,-0.005423275164366556,-0.006780595960738955
Historical,-0.004677101494420466,-0.00788917119325255
Monte Carlo,-0.00550314491997861,-0.006817187642334101
