Metric,VaR_95,CVaR_95
Parametric,-0.007815315782264288,-0.009814235264472993
Historical,-0.004708709531908717,-0.008552552755575022
Monte Carlo,-0.007749008981123126,-0.009736141076077363
