Metric,VaR_95,CVaR_95
Parametric,-0.0055077232528191414,-0.006870357142083991
Historical,-0.004677101494420466,-0.00804633114183409
Monte Carlo,-0.005611197919439638,-0.006938762195668028
