Metric,VaR_95,CVaR_95
Parametric,-0.004346777983145415,-0.005404610520731828
Historical,-0.005061640527411981,-0.007305892331790366
Monte Carlo,-0.004418787187325709,-0.005412930210307281
