Metric,VaR_95,CVaR_95
Parametric,-0.006230261141612845,-0.007745481388129056
Historical,-0.004960482178905101,-0.008868852390666532
Monte Carlo,-0.006296560993418894,-0.0077885019022095785
