Metric,VaR_95,CVaR_95
Parametric,-0.005825854235500284,-0.007248285024592819
Historical,-0.004868434062320848,-0.008380864411430345
Monte Carlo,-0.005957913727921338,-0.007333250954071854
