Metric,VaR_95,CVaR_95
Parametric,-0.006230079872878545,-0.0077632513816386405
Historical,-0.004960482178905101,-0.008868852390666532
Monte Carlo,-0.006225788580010984,-0.007745923147637892
