Metric,VaR_95,CVaR_95
Parametric,-0.0031352805232367836,-0.003884374041694309
Historical,-0.0034178497009758058,-0.0050591028491522305
Monte Carlo,-0.003070807345528277,-0.0038437807399445854
