Metric,VaR_95,CVaR_95
Parametric,-0.006046465317118478,-0.007531860408269193
Historical,-0.0055035006223876914,-0.008133445013500913
Monte Carlo,-0.006078800486751269,-0.0075095435690504244
