Metric,VaR_95,CVaR_95
Parametric,-0.006005308138498732,-0.0074861095411360426
Historical,-0.0055035006223876914,-0.008133445013500913
Monte Carlo,-0.00596103231358617,-0.007450277904399736
