Metric,VaR_95,CVaR_95
Parametric,-0.005783169919935867,-0.007202191473830844
Historical,-0.004798127134661434,-0.00825542047039072
Monte Carlo,-0.005944439514436887,-0.007297166923983358
