Metric,VaR_95,CVaR_95
Parametric,-0.005584658513959002,-0.0069746083956648735
Historical,-0.004677101494420466,-0.00803333517822269
Monte Carlo,-0.00562828327336978,-0.006938560972886183
