Metric,VaR_95,CVaR_95
Parametric,-0.004127152444527654,-0.00512035160900528
Historical,-0.004868434062320848,-0.007195035281384273
Monte Carlo,-0.004089557576166112,-0.005116623600513748
