Metric,VaR_95,CVaR_95
Parametric,-0.0055086011443922205,-0.006876425628835733
Historical,-0.004677101494420466,-0.00793834587404229
Monte Carlo,-0.005470960529072615,-0.006840841957485363
