Metric,VaR_95,CVaR_95
Parametric,-0.006479505597148558,-0.008074136362398968
Historical,-0.0058685311533672735,-0.008736128330957927
Monte Carlo,-0.006176705046807731,-0.007810153512969471
