Metric,VaR_95,CVaR_95
Parametric,-0.005417248707399389,-0.00674592611335292
Historical,-0.004677101494420466,-0.007831326469824214
Monte Carlo,-0.005356201210011115,-0.006780926051392196
