Metric,VaR_95,CVaR_95
Parametric,-0.0054586487868390704,-0.00681330008116686
Historical,-0.004677101494420466,-0.00788917119325255
Monte Carlo,-0.005438795614063489,-0.006803501724199066
