Metric,VaR_95,CVaR_95
Parametric,-0.0064276842074871745,-0.007993075022979539
Historical,-0.005912725556859844,-0.00891690218138959
Monte Carlo,-0.006435810087361133,-0.008034222209367498
