Metric,VaR_95,CVaR_95
Parametric,-0.005516595632845587,-0.0068891760235912465
Historical,-0.004708709531908717,-0.008131911183114227
Monte Carlo,-0.0055419759560418605,-0.006968742724568588
