Metric,VaR_95,CVaR_95
Parametric,-0.006353487926246232,-0.007940555756717694
Historical,-0.0058685311533672735,-0.008666554129345444
Monte Carlo,-0.006463356301470728,-0.007982145507175933
