Metric,VaR_95,CVaR_95
Parametric,-0.005533883451650821,-0.006916047677295892
Historical,-0.004677101494420466,-0.00793834587404229
Monte Carlo,-0.005437049272840624,-0.00683095085763833
