Metric,VaR_95,CVaR_95
Parametric,-0.006099295710952475,-0.007588644152862641
Historical,-0.0055035006223876914,-0.008133445013500913
Monte Carlo,-0.006037780469200145,-0.007416901343424252
