Metric,VaR_95,CVaR_95
Parametric,-0.003025885359359976,-0.0037724808356862827
Historical,-0.0034178497009758058,-0.004272413966005158
Monte Carlo,-0.0030595832070106793,-0.0037783961509265033
