Metric,VaR_95,CVaR_95
Parametric,-0.005641641406904873,-0.00707694119984289
Historical,-0.004798127134661434,-0.008101509248076892
Monte Carlo,-0.005697508041921859,-0.007213791779220646
