Metric,VaR_95,CVaR_95
Parametric,-0.006335873465576748,-0.007893279605474882
Historical,-0.0058685311533672735,-0.008666554129345444
Monte Carlo,-0.006325815452894792,-0.007905948172263824
