Metric,VaR_95,CVaR_95
Parametric,-0.005475732065974051,-0.006828772785219512
Historical,-0.004553194613747591,-0.007837786575062738
Monte Carlo,-0.0054078033951111895,-0.006774175531107316
