Metric,VaR_95,CVaR_95
Parametric,-0.005524406731816397,-0.006882323953088119
Historical,-0.004677101494420466,-0.008070929875476907
Monte Carlo,-0.005580219392314935,-0.007019837433417552
