Metric,VaR_95,CVaR_95
Parametric,-0.005605168697657651,-0.007001688252456667
Historical,-0.004752772918401149,-0.00799494853474091
Monte Carlo,-0.005608776498459937,-0.007018242206352927
