Metric,VaR_95,CVaR_95
Parametric,-0.007895646039951255,-0.009864746334657733
Historical,-0.004752772918401149,-0.00881427821275862
Monte Carlo,-0.007969178916733488,-0.00987784852884836
