Metric,VaR_95,CVaR_95
Parametric,-0.00109124492866361,-0.0013865063701794516
Historical,-0.0009555700335516226,-0.0009555700335516226
Monte Carlo,-0.0010799521037502316,-0.001378554281255761
