Metric,VaR_95,CVaR_95
Parametric,-0.005481875087502308,-0.006855127621551328
Historical,-0.004677101494420466,-0.00804633114183409
Monte Carlo,-0.00539315916502457,-0.006775797497189113
