Metric,VaR_95,CVaR_95
Parametric,-0.005534407797995417,-0.006894030451091887
Historical,-0.004642333019648448,-0.007847755752386129
Monte Carlo,-0.005478354051029196,-0.006806597001448541
